uid,comment,report_category,content_characters,cl100k_tokens
0,NPC人物生成规则,procedural_generation_encounter,868,968
1,秘境/遗迹生成,procedural_generation_encounter,416,546
2,详细人物:林若悠,character_profiles,345,480
3,详细人物：宫银叶,character_profiles,855,1062
4,玄天界宗门生成,procedural_generation_encounter,967,1121
5,仙界关键人物,realm_overview_bundle,1648,2320
6,详细人物:慕欣心,character_profiles,399,569
7,玄天界城市生成,procedural_generation_encounter,1831,1996
8,功法生成,procedural_generation_encounter,904,844
9,机遇,narrative_gameplay_meta_rules,388,456
10,境界,cultivation_world_mechanics,634,652
11,人物详情：青衣,character_profiles,1143,1625
12,礼仪,narrative_gameplay_meta_rules,463,576
13,战斗,narrative_gameplay_meta_rules,458,588
14,神识,cultivation_world_mechanics,196,265
15,器物,item_technique_pet_profiles,884,1118
16,状态栏,mvu_output_protocol,4372,2259
17,具体数值,cultivation_world_mechanics,1279,1393
18,灵根,cultivation_world_mechanics,666,805
19,玄天界灵石体系,realm_overview_bundle,2704,2933
20,黑暗森林,narrative_gameplay_meta_rules,1310,1580
21,时间,narrative_gameplay_meta_rules,258,249
22,合理性审查,narrative_gameplay_meta_rules,2604,2813
23,玄天界介绍,realm_overview_bundle,604,698
24,玄天界主要势力与组织,realm_overview_bundle,1117,1412
25,玄天界核心规则,realm_overview_bundle,478,570
26,玄天界周期性秘境,realm_overview_bundle,229,288
27,地点详情：中央神州,location_secret_realm_profiles,1253,1207
28,势力详情：广寒宫,faction_profiles,348,394
29,势力详情：天机阁,faction_profiles,334,343
30,势力详情：太阳神宫,faction_profiles,360,413
31,势力详情：蜀山剑门,faction_profiles,327,371
32,势力详情：血神宫,faction_profiles,357,415
33,势力详情：万魂殿,faction_profiles,315,371
34,势力详情：合欢宗,faction_profiles,452,526
35,势力详情：尸魔宗,faction_profiles,355,419
36,玄天界关键人物,realm_overview_bundle,5024,6647
37,人物详情：幽悦,character_profiles,561,701
38,人物详情：凌月,character_profiles,818,1096
39,人物详情：阴罗长老,character_profiles,586,811
40,人物详情：晚絮长老,character_profiles,536,716
41,人物详情：瑶汐宫主,character_profiles,541,754
42,人物详情：林雪,character_profiles,543,740
43,人物详情：白薇,character_profiles,582,822
44,人物详情：苏清雪,character_profiles,739,1024
45,人物详情：玄虚掌教,character_profiles,559,729
46,人物详情：陆雪琪,character_profiles,571,780
47,人物详情：紫薇,character_profiles,627,803
48,人物详情：曦和,character_profiles,587,812
49,人物详情：血神·绯月,character_profiles,528,736
50,人物详情：天妤夫人,character_profiles,625,866
51,人物详情：叶清,character_profiles,605,837
52,人物详情：龙傲飞,character_profiles,486,663
53,人物详情：苏沐雪,character_profiles,558,795
54,人物详情：叶冰,character_profiles,509,688
55,人物详情：炎帝,character_profiles,621,865
56,人物详情：秦心,character_profiles,653,933
57,人物详情：红绡,character_profiles,625,833
58,人物详情：苏琉璃,character_profiles,673,943
59,人物详情：秦无夜,character_profiles,667,940
60,人物详情：云舒窈,character_profiles,693,871
61,人物详情：大衍长老,character_profiles,457,544
62,人物详情：烈阳长老,character_profiles,592,821
63,人物详情：构军,character_profiles,604,806
64,人物详情：林欣,character_profiles,588,747
65,人物详情：慧空,character_profiles,576,784
66,人物详情：般若,character_profiles,665,892
67,仙界天骄大比,realm_overview_bundle,378,375
68,人物详情：韩月灵,character_profiles,637,849
69,人物详情：林妙音,character_profiles,585,789
70,人物详情：广慧,character_profiles,545,765
71,人物详情：幽梦,character_profiles,584,828
72,人物详情：噬魂长老,character_profiles,542,794
73,遁术,item_technique_pet_profiles,732,989
74,突破丹药,item_technique_pet_profiles,1732,1809
75,识海、神魂、精血,cultivation_world_mechanics,279,389
76,玄天界前期保护机制,realm_overview_bundle,212,192
77,势力详情：大周仙朝,faction_profiles,394,461
78,势力详情：南梁古国,faction_profiles,643,822
79,心魔劫,narrative_gameplay_meta_rules,409,554
80,人物详细：冰凤,character_profiles,583,788
81,人物详细：姬紫月,character_profiles,583,795
82,人物详细：苏媚,character_profiles,592,819
83,人物详细：萧婉儿,character_profiles,590,800
84,人物详细：姬昊天,character_profiles,566,740
85,人物详细：李牧,character_profiles,561,787
86,人物详细：萧衍 (梁王),character_profiles,902,1111
87,妖兽化形取名,procedural_generation_encounter,736,1002
88,人物详情：青练,character_profiles,823,1184
89,地点：东极青木域,location_secret_realm_profiles,990,1026
90,妖族势力：九尾天狐族,faction_profiles,374,461
91,妖族势力：神猿族,faction_profiles,339,391
92,妖族势力：蛟龙一族,faction_profiles,354,416
93,-内容控制开关-玄天界 (二选一),ejs_realm_router,373,211
94,妖族人物：敖凌霜,character_profiles,769,1104
95,妖族人物：袁琪,character_profiles,784,1092
96,妖族势力：孔灵月,character_profiles,782,1038
97,妖族人物：蛛心儿,character_profiles,769,1118
98,炼气期,cultivation_world_mechanics,317,420
99,筑基期,cultivation_world_mechanics,361,447
100,金丹期,cultivation_world_mechanics,377,469
101,元婴期,cultivation_world_mechanics,412,523
102,化神期,cultivation_world_mechanics,550,728
103,炼虚期,cultivation_world_mechanics,685,924
104,合体期,cultivation_world_mechanics,679,905
105,大乘期,cultivation_world_mechanics,871,1135
106,苏千媚,character_profiles,806,1105
107,渡劫期,cultivation_world_mechanics,104,138
108,雷劫,cultivation_world_mechanics,225,274
109,恋爱,narrative_gameplay_meta_rules,1093,1310
110,回忆,narrative_gameplay_meta_rules,649,748
111,灵压,cultivation_world_mechanics,308,407
112,死亡,narrative_gameplay_meta_rules,451,587
113,人物详情：江楚楚,character_profiles,839,1183
114,地点详情：南离火洲,location_secret_realm_profiles,1003,1059
115,地点详情：北冥雪原,location_secret_realm_profiles,852,919
116,人物详情:苏灿灿,character_profiles,1019,1335
117,人物详情:苏辰,character_profiles,1098,1351
118,详情人物:慕清弦,character_profiles,878,1194
119,详情人物:温月清,character_profiles,1012,1376
120,详情人物:温小暖,character_profiles,998,1294
121,困难模式,narrative_gameplay_meta_rules,1088,1251
122,DC点数判定,narrative_gameplay_meta_rules,1227,1295
123,真仙境,cultivation_world_mechanics,628,838
124,金仙境,cultivation_world_mechanics,573,754
125,玄仙境,cultivation_world_mechanics,593,773
126,仙帝境,cultivation_world_mechanics,593,785
127,超脱境,cultivation_world_mechanics,498,620
128,仙界介绍,realm_overview_bundle,855,1108
129,仙界核心区域,realm_overview_bundle,278,357
130,仙界地点详情：钧天仙域,location_secret_realm_profiles,453,545
131,仙界地点详情：青华仙域,location_secret_realm_profiles,452,537
132,仙界地点详情：炎极仙域,location_secret_realm_profiles,419,515
133,仙界地点详情：太白仙域,location_secret_realm_profiles,435,538
134,仙界地点详情：玄冥仙域,location_secret_realm_profiles,414,519
135,仙界人物详情：玖柒,character_profiles,490,672
136,仙界势力详情：云上瑶池,faction_profiles,480,555
137,仙界特殊区域,realm_overview_bundle,205,187
138,仙界飞升,realm_overview_bundle,1092,1215
139,详细人物:韩立,character_profiles,865,1151
140,详细人物:南宫婉,character_profiles,597,763
141,详细人物:银月,character_profiles,710,958
142,详细物品:小绿瓶,item_technique_pet_profiles,609,768
143,详细物品:青竹蜂云剑,item_technique_pet_profiles,267,349
144,详细:噬金虫群设定,item_technique_pet_profiles,223,309
145,详细物品:风雷翅,item_technique_pet_profiles,199,252
146,详细灵宠:啼魂兽,item_technique_pet_profiles,222,309
147,详细物品:虚天鼎,item_technique_pet_profiles,228,284
148,详细物品:辟邪神雷,item_technique_pet_profiles,207,287
149,详细人物:石昊,character_profiles,679,906
150,详细人物:白小纯,character_profiles,483,702
151,详细人物:候小妹,character_profiles,304,426
152,详细人物:古月方源,character_profiles,438,651
153,详细人物:宋文,character_profiles,609,892
154,详细人物:商心慈,character_profiles,350,469
155,-内容控制开关-仙界 (二选一),ejs_realm_router,247,137
156,详细:血海地印,item_technique_pet_profiles,407,580
157,详细:尸王转生决,item_technique_pet_profiles,220,295
158,详细:九大天雷秘术,item_technique_pet_profiles,171,226
159,详细:万毒混元身,item_technique_pet_profiles,186,239
160,详细:疑神刺,item_technique_pet_profiles,162,212
161,详细:血遁术,item_technique_pet_profiles,127,174
162,详细:替死傀儡术,item_technique_pet_profiles,149,201
163,详细:噬元噬魂诀,item_technique_pet_profiles,161,226
164,详细:血祭术,item_technique_pet_profiles,140,197
165,详细:幽冥爪,item_technique_pet_profiles,141,184
166,详细人物:嫣雨烟,character_profiles,983,1275
167,详细人物:唐弎,character_profiles,1219,1519
168,详细人物:银黎,character_profiles,690,1006
169,详细人物:红蝶,character_profiles,612,833
170,详细人物:王林,character_profiles,1146,1564
171,详细人物:楚星绾,character_profiles,366,543
172,防全知,narrative_gameplay_meta_rules,205,226
173,详细人物：灵玥,character_profiles,715,1016
174,详细人物:上官玥,character_profiles,307,411
175,秘境详情：蓬莱仙岛,location_secret_realm_profiles,686,908
176,道心值设定,cultivation_world_mechanics,847,994
177,地点详情：幽林血沼,location_secret_realm_profiles,631,877
178,地点详情：庚金剑冢,location_secret_realm_profiles,671,881
179,地点详情：琉璃净月宫,location_secret_realm_profiles,634,861
180,地点详情：五行碎层,location_secret_realm_profiles,657,817
181,地点详情：无垠沙海镜像,location_secret_realm_profiles,634,801
182,地点详情：陨圣乱墟,location_secret_realm_profiles,615,819
183,地点详情：黄泉冥河引,location_secret_realm_profiles,611,815
184,地点详情：天渊起源地,location_secret_realm_profiles,583,732
185,种族实力对应,cultivation_world_mechanics,398,404
186,妖族,cultivation_world_mechanics,273,343
187,详细人物:秦浅月,character_profiles,858,1194
188,势力详情：昆仑道门,faction_profiles,343,381
189,详细势力:万法宗,faction_profiles,357,393
190,详细人物:许千寻,character_profiles,699,864
191,详细人物:玄清,character_profiles,782,944
192,详细人物:柳依依,character_profiles,368,525
193,详细人物:顾长枫,character_profiles,382,516
194,详细人物:萧玉寒,character_profiles,364,507
195,详细人物:苏清禾,character_profiles,219,282
196,详细人物:云糯糯,character_profiles,367,542
197,详细人物:苏绾影,character_profiles,362,520
198,详细人物:凌阮阮,character_profiles,361,499
199,详细人物:叶倾心,character_profiles,345,480
200,详细人物:汐怡,character_profiles,335,478
201,详细人物:桃夭夭,character_profiles,324,468
202,详细人物:顾幽梵,character_profiles,349,485
203,详细人物:苏珞刹,character_profiles,385,548
204,详细人物:霖仙怡,character_profiles,371,529
205,详细人物:冥霜儿,character_profiles,330,488
206,详细人物:楚玉璃,character_profiles,357,502
207,详细人物:白玖璃,character_profiles,397,597
208,详细人物:青木璇,character_profiles,349,496
209,详细人物:璃杏,character_profiles,334,472
210,详细人物:杜月菲,character_profiles,330,477
211,详细人物:慕容无尘,character_profiles,286,349
212,详细人物:慕容初袖,character_profiles,334,450
213,详细人物:慕容落羽,character_profiles,344,469
214,详细人物:萌梦,character_profiles,322,449
215,详细人物:钰仙儿,character_profiles,359,512
216,详细人物:青渝,character_profiles,322,453
217,详细人物:齐天麟,character_profiles,302,427
218,详细人物:风梧音,character_profiles,319,436
219,详细人物:秦汐雅,character_profiles,336,492
220,详细人物:凌天辰,character_profiles,239,289
221,详细人物:凌紫嫣,character_profiles,347,487
222,详细人物:叶婷,character_profiles,315,431
223,修炼突破判定,cultivation_world_mechanics,162,186
224,详细人物:舞弦琴,character_profiles,722,902
225,法则劫,cultivation_world_mechanics,227,253
226,仙界宗门生成,procedural_generation_encounter,825,986
227,[mvu_update],mvu_output_protocol,7564,6427
228,变量列表,mvu_output_protocol,97,19
229,[mvu_update]变量输出格式,mvu_output_protocol,3768,1724
230,[mvu_update]变量输出格式强调,mvu_output_protocol,159,45
231,[initvar] 初始,mvu_output_protocol,430,392
232,详细人物：星宿,character_profiles,629,830
233,详细人物：红莲,character_profiles,818,1051
234,半步超脱,cultivation_world_mechanics,903,1293
235,详细人物：南可熙,character_profiles,1097,1448
236,详细人物：凤灵儿,character_profiles,898,1222
237,详细人物：公孙清,character_profiles,849,1083
238,势力详细：星道宗,faction_profiles,410,458
239,丹器体系,item_technique_pet_profiles,945,1172
240,势力详细:大雷音寺,faction_profiles,334,377
241,人物详情：魏喑,character_profiles,649,863
242,势力详情:五色孔雀族,faction_profiles,332,382
243,地点详情:西漠佛国,location_secret_realm_profiles,620,647
244,势力详情:柳蛇族,faction_profiles,797,1080
245,势力详情:湮丹宗,faction_profiles,361,418
246,势力详情:灵墟宗,faction_profiles,335,385
247,势力详情:青玉宗,faction_profiles,313,334
248,势力详情:符韵门,faction_profiles,328,342
249,势力详情:阵天宗,faction_profiles,330,372
250,势力详情：斩仙盟,faction_profiles,317,409
251,人物详情：乔梦玉,character_profiles,638,849
252,人物详情：元容,character_profiles,607,759
253,人物详情：玄璃,character_profiles,660,900
254,人物详情：阳宇,character_profiles,672,957
255,人物详情：林寒绾,character_profiles,741,1034
256,人物详情：朱离,character_profiles,829,1073
257,人物详情：侯景,character_profiles,414,590
258,长孙镜华,character_profiles,479,725
259,人物详情：柳青螭,character_profiles,709,959
260,人物详情：希夷,character_profiles,845,1087
261,人物详情：辟易川,character_profiles,788,1009
262,人物详情：欧阳灵,character_profiles,437,551
263,人物详情：黑姬结灯,character_profiles,781,1075
264,人物详情：李未晞,character_profiles,816,1111
265,人物详情：阴丽华,character_profiles,956,1317
266,人物详情：九歌,character_profiles,877,1164
267,人物详情：晏青,character_profiles,323,447
268,人物详情：小D,character_profiles,622,838
269,人物详情：白祈昼,character_profiles,864,1150
270,玄天界宗门体系,realm_overview_bundle,2271,2630
271,人物详情：璃宫花火,character_profiles,860,1155
272,人物详情：紫澪,character_profiles,772,1168
273,势力详情:万宝楼,faction_profiles,555,628
274,势力详情:黑金阁,faction_profiles,528,584
275,NPC人物修行,procedural_generation_encounter,326,360
276,人物详情:金玉满,character_profiles,894,1135
277,人物详情:小翠,character_profiles,574,780
278,人物详情:万金柝,character_profiles,578,755
279,人物详情:万璇玑,character_profiles,664,821
280,人物详情:叶焚渊,character_profiles,805,1008
281,人物详情:显宝,character_profiles,1118,1276
282,人物详情:海伊,character_profiles,407,546
283,人物详情:柳舞蝶,character_profiles,528,745
284,人物详情：白疏影,character_profiles,900,1241
285,玄天界动态人物相遇,procedural_generation_encounter,906,973
286,仙界动态人物相遇,procedural_generation_encounter,1039,1148
287,人物详情：李溯,character_profiles,725,879
288,人物详情：百铃,character_profiles,688,830
289,人物详情：樊月汐,character_profiles,659,776
290,人物详情：卡斯蒂利亚_哈布斯堡,character_profiles,770,967
291,人物详情：君姝,character_profiles,633,850
292,人物详情：代安池,character_profiles,532,651
293,人物详情：桃幽,character_profiles,484,615
294,人物详情：颜小落,character_profiles,406,505
295,人物详情：桃夭诺,character_profiles,387,472
296,人物详情：苏慕渊,character_profiles,350,421
297,人物详情：姬觅弥,character_profiles,663,749
298,人物详情：燕重微,character_profiles,787,939
299,人物详情：林素铃,character_profiles,741,882
300,人物详情：李铭,character_profiles,866,1027
301,人物详情：苏清漪,character_profiles,808,982
302,势力详情：桃花宗,faction_profiles,560,765
303,人物详情：姜梦,character_profiles,597,710
304,人物详情：云初未来,character_profiles,473,604
305,人物详情：白倾颜,character_profiles,940,1156
306,人物详情：顾清清,character_profiles,729,759
307,详细：万祀尸皇经,item_technique_pet_profiles,115,181
308,详细：幽悦神通,item_technique_pet_profiles,299,433
309,详细：本命天尸·烬璃,item_technique_pet_profiles,481,671
310,人物详情：绯萝,character_profiles,718,1061
311,人物详情：月珑,character_profiles,830,1168
312,人物详情：辛绫,character_profiles,1044,1407
313,人物详情：幽姬,character_profiles,999,1380
314,人物详情：玄曦,character_profiles,1014,1254
315,人物详情：霜甄,character_profiles,817,1133
316,人物详情：蜃娆,character_profiles,769,1061
317,人物详情：袁战天,character_profiles,705,1010
318,人物详情：虚渊,character_profiles,854,1121
