13	1	异世界的我开了挂
113	2	第一个客人
227	3	物理治疗还是开刀治疗？
327	4	眼珠两百，概不退换
428	5	作为医生，我必须对你负责
542	6	这是一种假象
631	7	手术完美完成
732	8	肚子不舒服，我再给你开刀
842	9	我给你整整容
973	10	黑店！黑店啊
1084	11	我的刀要适配您的肉
1182	12	那不就成一刀子买卖了吗？
1293	13	你再乱动我一枪崩了你
1400	14	顾客惊吓者
1502	15	为装x而生的左轮
1623	16	不行了，那就死外面吧
1752	17	治不好，吃掉
1881	18	可可爱爱的样子
2025	19	根源级怪物的牙医
2151	20	血锯药剂店的第一个会员
2256	21	限时诅咒清除能力
2382	22	家有鬼婴初养成
2488	23	这个世界就没个正常的
2591	24	我真的很美吗？
2704	25	最好不要抱有期待啊
2808	26	她不可能是我的女儿
2934	27	不！连我自己都不相信
3033	28	抱抱你的娃
3144	29	完美增幅的暴击药剂
3270	30	我秃了，也变强了
3388	31	我的暴击已经拉满了
3512	32	省下一大笔照明费
3616	33	以为谁不会闪似的
3738	34	那家店是超级黑店
3843	35	事迹败露
3942	36	公开处刑
4063	37	一刀就捅进去了啊
4184	38	其实我也很想配合你
4298	39	学废了！学废了
4397	40	结个婚生个娃什么的
4487	41	我身后有一堆人罩着的
4588	42	持续性攻略
4695	43	诅咒已经被我清除了
4809	44	那你觉得，我值多少钱？
4922	45	姐姐教你怎么实战
5049	46	他实在太用力了
5149	47	我爱萝
5272	48	uc震惊体
5373	49	也秃了啊
5471	50	你不会想把我药晕吧？
5578	51	好骗都已经写在脸上了
5681	52	要坏掉了
5797	53	可怕的血肉增生药剂
5924	54	新年大酬宾，剁一送一
6036	55	活到第二日黎明
6154	56	血肉傀儡，地狱行者
6299	57	竖眼与触手，全身变异
6429	58	最后底牌！无面魔的心脏
6554	59	最高优先级吞噬
6672	60	不是很好对付呢，嘻嘻
6782	61	你到底是有多么爱我？
6892	62	局势危机！同步进化
7018	63	这是一条非常灵活的舌头
7138	64	一切都不会结束的
7265	65	无法遏制！变异暴乱
7369	66	吃空！特殊的未知变异
7468	67	机能：血肉灾变
7576	68	奥利给，干了
7686	69	他是往里面硬灌啊
7799	70	就差那最后两公分
7913	71	今天咱俩必须得死一个
8056	72	为什么他会有两副面孔啊
8164	73	我都插了啊
8311	74	都在后院泡着呢
8419	75	暂时性和解
8542	76	怎么感觉声音有些熟悉
8694	77	猎杀者来袭
8805	78	神经元同步启动
8910	79	聚焦之瞳！凝视诅咒
9016	80	龙息之臂！炽热龙炎
9150	81	视界的情报者
9248	82	契约信使
9347	83	随机诊断术
9466	84	你有病，病得不轻
9551	85	您忠诚的双木医生
9667	86	您是我心中的白月光
9770	87	濒死却依然惦记您的徒儿
9856	88	写给你女儿的情书
9960	89	他这是在诱拐
10057	90	人偶庭院的人偶小姐
10168	91	我徒儿裂开了
10262	92	戳进去会很奇怪的
10364	93	来自大佬的肯定
10482	94	小小！你饿了吗？
10579	95	没听清，你刚刚说了啥？
10680	96	来！骑我吧
10764	97	请求支援！请求支援
10877	98	首战即终战
10972	99	谢械魔大人提携
11051	100	从未见过如此厚颜无耻之人
11133	101	好看的牙齿裂开了
11232	102	他们肯定没了！我说的
11329	103	真的圆不回来了
11438	104	零号紧急预案
11524	105	头颅：有空咱爷俩单独聊聊
11639	106	巨像计划
11721	107	有个人类骑着猎头者啊
11820	108	吓昏老师的初尝试
11921	109	你也配在老子面前装x
12015	110	左左认为自己睡着了呢
12111	111	大成功！对左左的阶段性进展
12221	112	你全家都是萝莉控
12340	113	这是硬生生撞出来的啊
12463	114	血肉苦弱，机械为尊啊
12560	115	当然！我可爱的病人
12665	116	脑血栓与阿兹海默
12769	117	传奇技能：过往遗念
12873	118	聊点开心的事情
12992	119	你喜欢我家闺女吗？
13085	120	你们的婚事我同意了
13179	121	这是送命题啊
13283	122	想和医生关系更好一些
13368	123	想不想变回以前的你
13466	124	全心全意地信赖
13560	125	恢复了身体的小小
13661	126	这种喜欢不是那种喜欢啊
13793	127	他居然把伯母变成了……
13938	128	几分钟不见，这么拉了？
14027	129	一见就忍不住掉眼泪
14107	130	给他来个超级加倍
14229	131	也许，这就是我的人生吧
14323	132	关于尺寸问题的解决方案
14423	133	手把手教学
14502	134	你们束缚不住我的
14593	135	你叫我声大哥，我叫你声贤婿
14731	136	是谁把鬼子引到这里来的
14810	137	关于某治愈系群组的初创
14906	138	徒儿！老师回来啦！噗呲
15019	139	没东西落在你老师肚子里吧？
15131	140	老师也有开大车的习惯啊
15226	141	黑暗世界最治愈的医生
15331	142	伯母，您病得不轻啊
15446	143	你们男人最怕的问题
15555	144	请不要叫的太大声
15665	145	你是个…魔鬼
15751	146	人偶夫人的谢礼
15838	147	我的女儿你随便挑
15929	148	你最好真的带点病
16027	149	林恩所属的阵营
16129	150	降临恐怖世界的凡人
16231	151	不要顺带把人家劫了
16339	152	吓死你野爹我了
16518	153	不要再给人了
16622	154	终于看到回头钱了
16720	155	你母亲就在…
16827	156	幸福而友善的一家人
16926	157	食指大动的宴席
17015	158	没我的大
17104	159	我应该对您更礼貌一些
17197	160	我们的这位女士有很多病
17289	161	厨房的猪头屠夫
17377	162	奇变偶不变？
17488	163	萝莉有三好
17590	164	放心！我麻药很多的
17685	165	手术成功率100％，好评率100％
17783	166	直接用手抠的吗
17894	167	大哥，我射偏了
17998	168	大哥连根剁的啊
18114	169	偶尔会爱护你几次的
18218	170	跟着代练大哥闯异界
18322	171	麻药稀缺，你忍一下
18419	172	您就当我的药材吧
18503	173	一切的恐惧都源于火力不足
18609	174	大人！时代变了
18710	175	假面的卡梅尔
18805	176	这里的每个生物都是怪物
18913	177	特殊任务：治愈与灭杀
19003	178	不！是我在虐待他们
19100	179	把我哀鸣的女儿藏起来
19185	180	我是医生，我接受了病人的委托
19280	181	每一块拼图，都应该在她原来的位置
19371	182	每一个活着的人！都要杀
19467	183	让我来！治愈你的创伤
19560	184	你活着是对所有人的诅咒
19636	185	于被定性为萝莉控的那档子事
19733	186	一定要让他入赘我家呀
19837	187	幸福之家以后的男主人
19927	188	这个交易由我来达成
20014	189	哥哥，你是不是忘记了点什么？
20117	190	手机中的诅咒
20208	191	你能返回你自己的世界
20295	192	将大哥也召唤回去的方法
20427	193	虽然我不懂！但我大受震撼
20510	194	他心脏给了他肺一脚
20624	195	君王之下，万般可能
20727	196	骨科的召唤
20829	197	您能活到现在是真不容易
20959	198	我是喜欢美少女的蜥蜴人！真的
21088	199	他看到了不可名状的恶魔之眼
21179	200	职业转职！夜医
21270	201	长得这么帅的人可不多了
21368	202	疾病：喷射型腹泻
21488	203	老大！不要朝着我们这边啊
21600	204	我们是连夜跑的
21674	205	不能装x！创造机会也要装
21775	206	放心！我是专业的医生
21863	207	第一次得到病人如此高的评价
21976	208	你感动的我都想哭啊
22077	209	一定会努力配合您的
22192	210	一群自以为善良的邪恶的疯子
22307	211	虐待自己的身体是有罪的
22438	212	你有病，需要治愈
22545	213	他把夜医给诊断跑了
22686	214	年轻人不要好高骛远
22783	215	先生！您需要治疗
22876	216	我们俗称其为羊癫疯
22987	217	摇人！继续摇人
23121	218	你让我看上去像一个小丑
23233	219	你真的让我很讨厌
23359	220	给你一份诅咒，送你一份恩赐
23484	221	错乱与失控的林恩
23602	222	我需要治愈他们
23690	223	就是这股抠抠搜搜的劲儿
23814	224	血肉增生药剂！再次动乱
23932	225	猪头屠夫与黑白小丑
24032	226	因为我至少，不能杀人吧
24189	227	我并没有感觉到尴尬
24307	228	一句假话，天打五雷轰
24410	229	林恩的观察与收容报告
24470	230	渡鸦先生您快回来啊
24507	231	是我打开的方式不对吗？
24624	232	良医，和平使者
24757	233	这特么是你选的工具
24851	234	没必要向他看齐啊
24938	235	人锯合一的最高境界
25048	236	我感觉自己要裂开了
25162	237	疼痛耐受度的极致考验
25281	238	左左！咱们可以冲了
25383	239	我真的是high到不行呢
25487	240	他打破了夜医的最高纪录
25589	241	这也算是考验
25698	242	色即是空空即是色
25793	243	虽然是手，但就是很奇怪
25912	244	这是杀招，妥妥的杀招
26015	245	我答应它，给予我的命
26150	246	她却看不见，听不见
26256	247	必然是一个温柔的小姐姐
26353	248	一个致郁而全灭结局
26410	249	我找到你了
26523	250	脑后的人脸
26649	251	灵媒笔记
26753	252	他的心锚就是自己的钥匙
26866	253	哪怕是一场无用功
27033	254	八字元勋！最顶级的夜医之一
27146	255	你已经胜过绝大多数人了
27243	256	和你细讲一下我师父的入木三分
27333	257	你好！我叫汪涛
27433	258	夜医最应该具备的理念
27532	259	嘴上说不要，心里却诚实
27642	260	你不仅开大车，你还……
27775	261	十二翼倒吊天使
27871	262	你们是因为什么原因分手的
27973	263	前任相见，分外眼红
28074	264	这两者之间又不冲突
28174	265	我永远站在您这一边
28239	266	要不你在我身上也试试？
28312	267	因为，我是一个医生啊
28396	268	群的第四位群员
28507	269	可以随时来找我补魔哦
28635	270	柏拉图三部走任务
28728	271	转职任务完成：夜医
28836	272	你要尝尝吗？
28935	273	会不会太冒犯了一点
29028	274	当对左左使用拟化……
29126	275	蓝星的邪神召唤仪式
29208	276	你也不想被别人看光光吧
29299	277	老板！再来十瓶！最贵的
29397	278	总局！恶灵入侵
29497	279	连在一起的话就只能一起睡了
29578	280	这怎么能睡得着呢
29656	281	对左左的深入攻略指南
29729	282	需要大量的祭品进行召唤
29809	283	降临吧！吾之大哥
29906	284	请不要那么粗暴
29998	285	我去杀了个人，不会耽搁太久
30092	286	从地狱中爬出来的林恩
30179	287	附魔的神圣ak
30273	288	一切恐惧都来源于火力不足
30374	289	你忍一下，我要……
30451	290	还顺便做了个阑尾炎手术
30541	291	一个长得像人的类人型生物
30615	292	滑溜溜的是不是很可爱？
30694	293	一次性和很多…
30781	294	我是不是没有被那个怪物发现？
30881	295	不过做什么都可以
30967	296	我可以让我大哥去平了他
31061	297	掌心雷，道家天师
31165	298	您别往自己身上贴符啊
31250	299	你们也是娃娃的食物吗？
31348	300	少只眼睛的血娃娃
31427	301	你们都是一群万恶的萝莉控
31506	302	明天就去大哥哥家里拜年
31597	303	我去会会他
31678	304	这里也算是我的半个家乡
31771	305	她是我的妈妈
31839	306	你这样让他抱着真的好吗？
31949	307	女朋友什么的完全不需要
32034	308	哥哥，是你回来了吗？
32130	309	被恐怖的变态挟持了
32214	310	那种说不上来的帅气
32291	311	特殊任务：不采白不采
32373	312	拟化的特殊用途
32471	313	手工不锈钢的机械造物
32559	314	不仅能单发，还能全自动扫射
32670	315	回归的倒计时
32773	316	哪怕是远远地看您一眼
32875	317	重回地狱
32965	318	血肉神教与机械神教
33040	319	主母，续一下费
33122	320	会哭的孩子有奶吃
33185	321	大被同眠那种事
33251	322	您女装的样子也是非常的好看啊
33325	323	主母，我泡一泡还是能用的
33399	324	不是很够的呀
33505	325	巨像的脑组织
33607	326	召唤仪式与法阵
33696	327	你确定你以前没有进行过烙印吗？
33770	328	没有点睛的无瞳法阵
33854	329	左左只需要给你添一句
33962	330	这件事谁提谁死
34038	331	群星圣堂！
34090	332	这里才是最适合我的地方
34191	333	您真的得了绝症了
34260	334	电锯开颅与来两指摘瞳
34357	335	粉红药剂的特殊用途
34454	336	上了黑恶势力的贼船
34553	337	真的是幸福的一对夫妻啊
34641	338	给你分享一则绿油油的寓言故事
34726	339	十八种诅咒的病原体
34835	340	我们的正面形象塑造初具成效呢
34940	341	被麻翻的老院长
35022	342	院长知道还不得裂开？
35116	343	你别对你的直系领导开刀啊
35206	344	不正常生物与猫耳娘
35300	345	特殊病症：猫类行为异常
35408	346	异常猫咪调查记录
35504	347	秘技：乌鸦坐飞机
35601	348	必须写点什么东西的羽毛笔
35693	349	我林恩是绝对不会让人撸的
35808	350	照片的异常
35909	351	喵喵一直在等您回来啊
36036	352	喵喵的血色记忆
36153	353	他们早就已经死了
36283	354	这至少也是一种救赎吧
36393	355	黑夜之城，群星闪烁
36503	356	我们，接受你的委托
36603	357	猫娘药剂的正确使用方法
36746	358	主母的红茶包与林恩的快递
36878	359	手提箱里的哥特萝莉
36979	360	奇怪的不可言喻的遥控器
37091	361	危机！恶毒的窥视
37198	362	在我面前玩诅咒
37310	363	人要淡定！话要高深
37394	364	人偶师的极致控场
37500	365	稍微守株待兔了一下
37605	366	爆裂吧！
37721	367	有史以来最奇特的死法！
37781	368	强烈的心灵刺激
37862	369	让林恩给你上发条
37984	370	为人偶小姐上补魔的三两事
38075	371	谁能禁受得住这种考验啊
38177	372	你并不希望我对你这样是吗？
38257	373	全都是套路啊
38321	374	我是只需要您的人偶
38417	375	有光的地方就有阴影
38479	376	人偶小姐，你动太慢了
38565	377	异变的喵喵！
38637	378	干嘛突然打我！
38685	379	任务奖励：猫耳娘x1
38787	380	我下你上
38866	381	我想让您帮我整个容
38949	382	最具有男子气概的形态
39049	383	能让人提高自信的药剂配方
39125	384	夜行小队与对械集群
39200	385	你说你找谁说理去？
39294	386	对游荡者的全身治疗
39378	387	是弹簧！我加了弹簧
39469	388	你不能在泉水肉身开团啊
39559	389	铁血铮铮萝莉音
39658	390	蜂群意识与机械化爆兵
39732	391	把你变成我们的人，就不是外了
39796	392	临行前的准备
39869	394	小宝贝儿，跟我去认亲
39957	395	对小宝贝的阶段性进展
40064	396	血肉神教的第二位根源
40189	397	做手术疼一点是很正常的事情吧
40267	398	诅咒之城！机械先驱
40344	399	遭遇战，机械与血肉的碰撞
40426	400	机械集群！赛博智械
40537	401	位置暴露
40615	402	被以M之拳击中的赛博小姐
40712	403	血肉利维坦
40796	404	因为太害怕而拖家带口的那档子事
40869	405	泰坦头颅：我们是很民主的
40938	406	他们是值得信任的
41005	407	十二翼奥尔良圣天使之子
41093	408	我说的对吗？疫医博士
41181	409	包围圈！疫医降临
41258	410	林恩最不愿意面对的往事
41344	411	左左！考验你口技的时候到了
41431	412	对战圣徒！
41508	413	具有牺牲精神的大无畏品质
41596	414	全都变成奇怪的形状了
41687	415	爆炸！以M下的天女散花
41791	416	全场仇恨汇聚一身
41893	417	到处投毒的生化狂魔
42000	418	当对圣徒使用猫娘药剂
42099	419	身中瘟疫，折跃离场
42192	420	留着伤去主母那里一躺
42273	421	念念不忘的天使圣血
42381	422	已经没有道德了
42470	423	侦测到在途导弹打击
42549	424	关于打入敌人内部变成疫医这种事
42639	425	机械集群来袭，重装破坏者
42725	426	看我表演就是了
42798	427	喵化诅咒！人均哆啦A梦
42887	428	以M！机械体的最大克星
42965	429	不要眨眼！我要开始装逼了
43044	430	真正的勇士，敢于对着导弹竖中指
43124	431	你就说帅不帅吧
43215	432	疫医里面有夜医们可耻的内奸
43290	433	你这就打入人家内部了？
43353	434	人偶小姐，要给你充能了
43437	435	确定要用这种东西充能吗
43516	436	一息三千五百转！101％的电量
43613	437	入木三分，指日可待
43692	438	指挥官送过来的特殊礼物
43776	439	其实我是喜欢男生的
43883	440	哪怕她稍微漂亮一点呢
43965	441	危机！机械纳米风暴
44040	442	机械族的追杀！活下去
44127	443	我们只获胜过两次！（百万字纪念）
44216	444	物理攻击没有，就用诅咒
44315	445	以M从来没让人失望过
44394	446	叫我一声野爹表示一下尊敬
44473	447	我们绝对不可能死
44547	448	你又要使用血肉增生药剂
44624	449	我在赌一个瘟疫
44716	450	林恩的养蛊计划
44806	451	纳米风暴中的生化危机
44911	452	这是一件很正常而不需要解释的事
44981	453	人偶小姐你不讲武德
45090	454	就像是闹别扭的小情侣
45183	455	纳米族的第一个母体
45274	456	包围网再起
45351	457	留在这里才是最危险的
45426	458	没有勇气可没资格活下去
45513	459	替死娃娃的第一次触发
45592	460	手速当然是拿左手练出来的啊
45669	461	危机！再遇纳米机械风暴
45749	462	王与王后，大脑意识和心脏意识
45796	463	巨像之心
45883	464	总不可能真的叫我一声妈吧
45971	465	最强小队！正面对抗
46052	466	教给人偶小姐自我抒解的方法
46126	467	冲入敌群！完美的团战配合
46203	468	关于100％未命中诅咒的那档子事
46289	469	好气啊，打不到我了呢
46356	470	戳瞎她的眼睛
46445	471	是最后的垂死挣扎吗？
46528	472	核子打击！全方位覆盖
46632	473	林恩的底牌！根源级诅咒
46719	474	智械小姐，我该怎么处置你呢
46794	475	咱们下辈子见
46868	476	杀不死的银色幻想
46953	477	我们来玩个游戏吧，智械小姐
47048	478	看来你是要硬抗到底了
47128	479	你也不想让大家被你影响吧？
47201	480	屈服！单分子剑与龙狙
47275	481	又触发了新任务
47343	482	母树与疫医
47411	483	这真的非常的不对劲
47504	484	母树的注意
47591	485	当智脑与银色幻想建立链接
47703	486	绅士们，想知道我们玩了什么吗？
47790	487	我们疫医已经这么牛x了吗
47868	488	他轻易地就做到了我们做不到的事情
47962	489	空手套白狼！舍不得老婆套不到……
48047	490	答应他的要求
48147	491	史诗级材料！死星结晶
48245	492	剧变！机械族降临的意志
48360	493	机械飞升！万机之神
48448	494	并不只有你们会被忌惮
48527	495	有史以来最硬的背景
48601	496	他从未想过妥协
48679	497	不过是一群被放逐了的失败者
48758	498	苏醒！遍布亿万疆域的巨像意识
48844	499	林恩召唤咒文的第一次实装
48935	500	哪来的自信
49039	501	巨像形态下的以M之威
49139	502	装完x就跑！真刺激
49226	503	《看了就会死的书》
49316	504	无差别的直死诅咒
49401	505	破宇的机械巨龙，万机之神
49507	506	一个虫子能做到的极限
49624	507	你这个笨蛋！快跑啊
49687	508	那朵纷飞的紫罗兰
49839	509	那个满头白发的身影
49932	510	要对未知心存敬畏
50023	511	如果这冬天太久了你会怕吗？
50102	512	猪头屠夫与小丑
50187	513	让脑袋拥有斗志的简单方法
50280	514	限时诅咒清除！找回的斗志
50386	515	气可以不生，钱不能不要
50468	516	我这么牛逼的吗
50582	517	银色幻想的执念
50683	518	只要我不尴尬，尴尬的就是别人
50746	519	让它流动起来，把它盘活
50811	520	锦鲤与飞鸟
50878	521	艾雯爵士，真的可以吗
50947	522	靠山喜加一
51029	523	去探望人偶小姐的正确打开方式
51107	524	所以才说是入木三分啊
51193	525	我有说过这样的话吗？
51280	526	对人偶小姐的阶段性治疗
51370	527	因为人是有感情的啊
51505	528	这就是咱们两的纽带
51577	529	为诅咒发作而做出的铺垫
51656	530	恒星熔炉！死星结晶
51729	531	第一件传奇级机械造物
51803	532	这就是母亲所说的救赎之道吗
51882	533	你的枕头动了一下
51992	534	至高的人偶之臂
52096	535	不可能不会不生气的
52177	536	当瑟瑟诅咒在手术后被触发
52266	537	这样是不可以的吧
52337	538	左左，要不你重操旧业吧？
52416	539	所以忍不住地找来了
52495	540	我执着的爱丽丝啊
52572	541	这离谱的一大家子
52672	542	骨的召唤（二）
52753	543	做错了事情而惊慌的爱丽丝
52830	544	捕捉行动
52951	545	我最珍贵的东西
53008	546	咱们完蛋了！拿刀分手
53105	547	爱丽丝加入群聊
53196	548	隐藏在暗处的黑手
53296	549	血肉神教的实力
53390	550	大哥我能拜托你一件事情吗？
53480	551	血肉灾变！强化
53588	552	破碎世界的遗物
53690	553	因为太想主人而忍不住跑了过来
53779	554	机械神教的第二次总攻
53871	555	谁也不能阻挡智械的复兴
53938	556	妹妹和猫咪，这是一个问题
54015	557	万机之神降临
54088	558	银色幻想对你的恨意＋10
54163	559	您让我们团结在了同一条战线
54234	560	血肉支配者！三大根源下场
54311	561	三大根源的混战
54381	562	血肉利维坦，真正的目的
54461	563	动摇机械神教根基的瘟疫
54539	564	我们参战
54619	565	升格！赛博飞升者
54692	566	那个计划了一切的疫医
54764	567	喵喵的血色记忆
54841	568	机械姬的抉择
54915	569	抗议！要求更换队友
54994	570	她向我丢过核弹
55076	571	与机械姬暂时性达成的一致
55161	572	地狱之外的色彩
55243	573	当别人都以为我伪装成了疫医
55332	574	恶灵聚合体
55417	575	让我们在精神上给予的她鼓励
55512	576	我女儿根正苗红
55593	577	恶灵附身！初步潜入
55657	578	给智械小姐添一点料
55736	579	你们的产品质量有问题啊
55820	580	机械族没有马啊
55892	581	与疫医高层当面对线
55958	582	为了我们崇高的理想！绝对不行
56050	584	林恩的邪恶计划
56122	585	成功谋得疫医高位
56238	586	这不是正常生物能做到的事
56304	587	守望相助
56375	588	腐朽的执事生活
56450	589	给魅魔妹子个工作岗位啊
56529	590	拿别人家的肉，为自家的狗
56614	591	多么优秀的一个年轻人啊
56696	592	针对智械小姐的阶段性行动
56776	593	他这么快就投敌了吗
56876	594	自己挑拨离间自己
56961	595	接下来就该本色出演了
57057	596	要不你也降了吧
57134	597	那个夜医，出现了
57229	598	完美地取得信任
57303	599	林恩的险恶用心
57384	600	爱丽丝的大屠杀
57458	601	来人！把我铐起来
57538	602	我在这里杀个人也没人知道吧
57612	603	因为我就是你们要找的林恩
57678	604	你确定你熬的是药剂
57761	605	这东西真的能给人用吗
57845	606	你是我第一个试验品
57919	607	刑讯逼供，替你作恶多端
57994	608	喵喵的母亲
58079	609	我在母亲的庄园里见过
58159	610	人偶身上的咒术符文
58242	611	给我把她的好感度往死里刷
58309	612	想要什么傀儡你自己选
58377	613	来一次英雄救姬
58453	614	血肉傀儡！地狱使者
58513	615	一般的白痴操纵不了
58592	616	最后的表演
58660	617	用失败铸就的尖刀
58735	618	两大入侵者全部被镇压
58797	619	机械也是要有脑子的吧
58869	620	给你一个加入我们的机会
58930	621	所以才说，要更小心一点啊
59005	622	什么事可为，什么事不可为
59073	623	我对你们犯下的每一桩罪行
59145	624	你们滥杀无辜，我来滥杀你们
59220	625	告诉你我的杀招是什么
59309	626	利维坦的鲸落
59413	627	那不是真的我啊
59496	628	真正的绝望
59583	629	现在你该记起来了吧
59649	630	不打算再坚持一下
59716	631	当年的真相
59783	632	他不会这么做的
59864	633	往日遗念！过往的骨骸
59940	634	那飘零的漆黑之羽
60022	635	疫医背后的黑手
60108	636	安敢亵渎我神
60191	637	那我就暂时叫您主母吗？
60259	638	当对堕天使使用以M
60335	639	爱丽丝你还能撑住吗？
60416	640	不给学生留下点东西吗？
60505	641	利维坦鲸落
60577	642	买了挂票的林恩
60670	643	没用的，我们都要死
60749	644	小小你没必要救她的啊
60834	645	看来您还没有失去记忆
60923	646	您早就是我们的希望了啊
61013	647	唤醒主母的可能
61084	648	主母！我有罪
61182	649	如此有效？再喊一遍
61268	650	轻易地做到了正常人做不到的事
61365	651	柿子要找软的捏
61457	652	博士，您可见过天降正义
61532	653	现实灾变强化卷轴
61614	654	我的王后
61736	655	巨像之脑的深层意识
61829	656	臭脑袋，你不要装了
61948	657	真的是一点都不坦率
62030	658	与左萝结伴同行
62107	659	巨像空间的彼此吸引
62185	660	想起了被自己支配的恐惧
62261	661	小宝贝！终于找到你了
62336	662	绝命逃亡
62419	663	母树的算计
62487	664	你试试不就知道了吗？
62558	665	我想挑战一下自己的软肋
62641	666	操什么的的，不要也罢
62721	667	他不是完整的巨像之心
62795	668	会很在意自己的美貌吧
62870	669	的确是一个好骗的萝莉呢
62943	670	入木三分的正确导向
63026	671	熄灭了星空的黑暗
63101	672	需要小姐姐背着才能起来
63192	673	女神的尊严，不需要了
63283	674	现在是攻略你最好的时候
63364	675	往日的投影！燃烧的生命树
63456	676	林恩！你真的惹怒我了
63534	677	林恩所苦痛的情伤
63603	678	姐姐等不了你十年了
63683	679	都开始玩挑拨离间了？
63778	680	和自己一样的人，心都脏
63862	681	何必要把人逼迫到这个地步
63936	682	那朵希望的紫罗兰
64030	683	看看咱们谁先死
64116	684	也就是说，要赌了？
64182	685	林恩最终的手段
64269	686	意想不到的失败
64339	687	一切都疯狂了！
64397	688	苦战到死
64465	689	我把那棵树给
64534	690	她为什么不杀自己？
64607	691	左左，你会走吗？
64676	692	失忆的艾雯爵士
64751	693	踏足巨像之门
64840	694	知识禁库
64911	695	文明迭起前的渡鸦
64990	696	记起他所有的过往
65071	697	你这个无药可救的家伙
65146	698	她说了，她不要走
65211	699	让我有再和你谈判的筹码
65273	700	也算是一个无心之人了吧
65345	701	巨像之脑的复苏
65411	702	王的号召！巨像的归来
65483	703	我带你们回家
65568	704	还不明白这座地狱的真相吗？
65628	705	诅咒的显化
65692	706	死在这里的无数的神
65758	707	地狱的边界
65837	708	我不甘心
65906	709	坠落的巨像
65983	710	巨像坠落的第一手直播
66049	711	巨像！诅咒降临
66125	712	你凭什么做巨像的王
66189	713	活下去
66279	714	那一天绝对不会让你等太久
66371	715	最后的咒瞳
66462	716	新的根源诞生了
66553	717	那个化身根源的女孩
66657	718	六大根源的对立
66723	719	要不咱们跑路？
66816	720	权柄！诅咒动乱
66903	721	血肉支配者的目的
66978	722	别误会！我只是有些好奇
67043	723	告诉你！你的女神早就被我
67128	724	欺负我女婿！不答应
67212	725	狂怒的泰坦巨神
67309	726	快关门！别让他进来
67392	727	这点小小的委屈又怎样
67477	728	可怕的巫神头颅
67565	729	不用做小寡妇了
67653	730	巫神伯母的复苏
67735	731	等你长大了我们再研究
67804	732	你会付出你承受不起的代价
67881	733	母树！抓住这个未来
67974	734	这是你们逼我的
68046	735	机械狂潮
68106	736	有史以来最孝顺的事情
68190	737	圣人一般的心胸啊
68261	738	打包战舰，我们也组集团军
68328	739	想偷他的战舰啊
68416	740	狩猎开始！全面压制
68492	741	银色幻想！最终的变故
68573	742	我们未来再见
68700	743	巨像与巫神的恩怨
68769	744	喵喵曾经的兄长
68855	745	我挤不回去
68944	746	我这个人非常面善
69023	747	至少还能再见一面，不是吗？
69103	748	所以有时候才说人傻呢
69228	749	不会不告而别
69303	750	天塌下来也会跟着主人
69392	751	机械纳米集群
69479	752	母亲！我们找你来了
69556	753	丧女之痛，家门不幸
69612	754	父亲大人
69695	755	不要再试图伤害自己了
69815	756	杀到地狱都容不了他们的身
69889	757	巨像的攻略
69954	758	加深一下感情什么的也很正常
70011	759	脑袋！有没有想我
70079	760	她是巨像之脑
70158	761	你愿意重新成为我的王后吗
70237	762	巨像之脑，成功收容
70341	763	准备回归
70426	764	女儿没了就真的没了
70532	765	这保底也是一个根源吧
70597	766	这东西能当炸弹用
70703	767	黑魔法的仪式
70772	768	十二翼堕落天使
70854	769	前所未有的危机
70924	770	我来还书了
71001	771	书籍里关于自己的故事
71070	772	奉献出自己纯洁的身体
71130	773	你万幸坠入了地狱
71204	774	你会喜欢我和爱护我
71291	775	对羽毛笔的阶段性诱拐
71377	776	权柄类异常，以血为墨
71467	777	法阵启动！全城灾变
71553	778	命运之笔，书写未来
71635	779	你们胆敢如此
71707	780	另外一件权柄的造物
71779	781	泰坦与堕天使的剧本
71840	782	我会亲自把她带回来
71922	783	那奋力的一搏
71992	784	回来吧！大家都在等你
72073	785	所以，我才不会死
72159	786	主母复苏，早起逗萝
72245	787	不要忘记我们的约定
72321	788	反噬！地狱的凝视
72393	789	蓝星，改变的白逸
72466	790	最后一关的测试
72530	791	他把自己给净化了啊
72609	792	大哥一如既往地贴心
72709	793	自我认知上的错误
72804	794	再入异常生物中心
72880	795	走不进那个房间
73001	796	羽毛笔的病变
73111	797	绝对不会轻言放弃
73195	798	权柄所带来的反噬
73275	799	不要疯狂
73364	800	所以才不敢见我是吗？
73449	801	你不会还怕我吗
73525	802	不管什么样，我都没骗你
73603	803	羽毛笔的真正身份
73675	804	未尝不是一种偿还
73744	805	我正式与你对话
73837	806	古老的机制必须得到扞卫
73926	807	人类还是有极限的
74027	808	林恩之死
74114	809	林恩之活
74193	810	我的家人们所希望的
74267	811	失礼了，地狱
74333	812	没有对错，只有结果
74410	813	地狱就是个死傲娇
74498	814	狠狠的惩罚和蹂躏他啊
74574	815	主母的前身
74638	816	我遇到了那只渡鸦
74702	817	神不在乎，你又何必在乎神？
74774	818	我要做我自己的神
74844	819	我们未来一定会见面
74918	820	试试就逝世
74994	821	被召唤到蓝心的恶鬼
75094	822	如果规避地狱的注视！
75154	823	去其他的世界？
75211	824	我女婿就是想的高啊！
75292	825	邪神之子！林恩！
75370	826	我们两个闹掰了！
75443	827	再遇的羽毛笔！
75513	828	生与死的契约！
75590	829	火苗效应！百鬼夜行！
75667	830	魔改的龙息之臂！
75782	831	坏孩子就要受到惩罚！
75871	832	又怎么能给大哥丢脸呢！
75976	833	没有感情，全是套路！
76077	834	倒悬头顶的人！
76154	835	幼小的心灵受到了巨大的伤害！
76241	836	把我们缝在一起是为了什么呢？
76323	837	原来也是一只恶鬼！
76408	838	召唤吧！吾之大哥！
76498	839	您召唤的生物不在服务区！
76590	840	你真的是摊上了一个好大哥啊！
76710	841	失败的召唤！
76798	842	遇到点事就想黑化！
76894	843	子弹都卡脑子里了！
76978	844	混乱生物的乐趣所在！
77094	845	让人类和恶灵和睦的方法！
77209	846	你一直就这么没礼貌吗？
77296	847	求您救救我姐姐！
77385	848	你以后就是我的东西了！
77476	849	我把她当做我最好的战友！
77571	850	你不该用你的战友献祭！
77643	851	钱是我的！mm也是我的！
77715	852	说了不要过来了！
77797	853	最好的夜医坯子！
77867	854	左左不要淘气！
77980	855	攻心为上，攻身为下！
78044	856	我找我自己的脑子去！
78127	857	我也不想跟着你啊！
78197	858	有种再试一下！
78299	859	这样是不是有些太过残忍了！
78381	860	我们能一起睡吗？
78466	861	我的手并不是我的手！
78558	862	一左一右的巨像双生子！
78644	863	诚哥结局的既视感！
78748	864	割以永治！
78821	865	发展有些不对劲！
78905	866	我对不起你！
78961	867	double kill！
79031	868	是他对我有非分之想！
79102	869	莫非又是一个魔改的作品？
79168	870	你不试我心里不平衡！
79252	871	只是不小心研究到了您！
79331	872	只要多垫几次，总能成功！
79406	873	赌狗的一生！
79504	874	极度魔改版的咒瞳！
79589	875	魔化！命运的骰子！
79667	876	太丑了！给爷拟化！
79747	877	用什么养分做交换！
79805	878	叔叔可以仔细教你！
79888	879	跌入谷底的道德！
79996	880	完美的第一次交易！
80102	881	他给的实在是太多了！
80221	882	地狱的道德楷模！
80318	883	群体作案，共同分赃！
80410	884	血衣女士被召唤到蓝星了！
80500	885	幸福之家的爱丽丝！
80585	886	还是永远留在哥哥身边吧！
80677	887	这么值钱的吗？
80775	888	会变得奇怪起来的！
80856	889	蓝星上的旧日！
80930	890	等我过去清理门户！
81010	891	让它一辈子当女仆！
81077	892	爱丽丝的礼物！
81142	893	爱丽丝的燕尾服！
81184	894	只能果断地接受了啊！
81232	895	一定要和大家分享才是！
81286	896	不推灌农药！
81333	897	一定是哪里出了问题！
81378	898	禁欲的林恩也是超帅的！
81462	899	左左会狠狠监督你的！
81543	900	这都是左左的锅！
81630	901	血肉寄生！遭遇！
81697	902	不搭，吃了你们！
81778	903	都是一家人！
81841	904	我们这是机密任务！
81922	905	寄生兽！
81994	906	恶堕的成虫寄生兽！
82056	907	你们的虫子不对劲！
82131	908	谁敢过你这条线，你就杀谁！
82197	909	你到底是谁！
82263	910	旧的不去新的不来！
82325	911	让子弹飞一会儿！
82391	912	混乱的散播者！
82464	913	行走的五百万！
82524	914	任务完成！血肉寄生！
82582	915	给我全都翻译过去！
82653	916	要尽量文明一点！
82722	917	给爷们鞠个躬！
82790	918	看来我真的很出名！
82873	919	链接着蓝星的法阵！
82950	920	我会让他们知道什么叫地狱！
83031	921	夜医之间要互帮互助！
83090	922	我们是不是认识？
83161	923	蓝星故人！
83227	924	我没有暗示她啊！
83303	925	以M的异变！
83388	927	用这个抵挡一下！
83466	928	血锯厕所！
83542	929	我们进去鉴别鉴别！
83612	930	是他的话就不奇怪了！
83677	931	伪装潜入！
83750	932	可以变成魅魔的吗？
83812	933	能想出这种主意的不是好人！
83876	934	又得到了很大的提升！
83949	935	鸡汤来喽！
84025	936	我都还没玩够呢！
84106	937	我的算数不好！
84176	938	她现在在哪儿？！
84245	939	这气生的有点持久啊！
84310	940	艾雯大哥，我需要帮助！
84382	941	挨个骗经费的行为！
84452	942	就她是调戏一下！
84526	943	公开处刑！！
84609	944	我说是巧合你信吗？
84689	945	你们配合的很默契啊！
84765	946	我一射球你就开门！
84826	947	你不讲武德！
84889	948	恶灵血婴！
84961	949	我可以对你开枪了！
85047	950	她已经饿了很久了！
85126	951	血衣女士的日记！
85216	952	巨像骑士的野望！
85275	953	等不到他下地狱！
85320	954	我会去蓝星！
85395	955	伟大的罗梨控！
85496	956	曾经的旧日神明！
85564	957	他真的会妥协吗？！
85630	958	左左，我们来···
85685	959	不逃了，改叠甲了！
85749	960	还是无法完成召唤吗？
85812	961	偷渡蓝星的方法！
85865	962	对蓝星的第一次呼唤！
85932	963	他真的已经尽力了！
86032	964	体内的诅咒！
86105	965	适应它！战胜它！
86174	966	强者就要1v3000！
86243	967	你中招了！林恩！
86302	968	请回应我们的召唤吧！
86389	969	你不想让你的王后被处决的话
86464	970	好久不见的羽毛笔！
86546	971	这关系到你的未来！
86612	972	何必这么执着呢？
86680	973	给我最后的时间！
86736	974	你必须要走了！
86815	975	我当然接受你了啊
86900	976	第二道召唤波动！
86971	977	降临蓝星！
87043	978	他们已经不是人了
87099	979	逃不走的话，就要下地狱了！
87183	980	隐修会！
87259	981	救你的不是天使，而是魔鬼！
87339	982	以夜医之名
87426	983	我让你们，站下！
87516	984	全都有大大的功德！
87614	985	可不能信仰魔鬼啊！
87688	986	蔓延的寄生兽！
87761	987	难道我们华夏没人了？
87839	988	装完逼就跑！
87924	989	辣么大一颗蓝宝石！
87992	990	这不得赔偿！
88062	991	我能闻到他们身上的臭味！
88143	992	找到的话就不杀你
88225	993	人家只不过是想赚点外快
88322	994	被拐带的血娃娃！
88397	995	突袭！
88470	996	已经叛变组织了！
88544	997	无法消灭的寄生虫！
88622	998	无限接近于死亡！
88691	999	我还信不过你们
88779	1000	神灵就在我的身边
88847	1001	他们并不在乎！
88903	1002	我说的可是日结！
88975	1003	最疯狂的事情！
89051	1004	全城动乱！
89116	1005	你在做你认为正确的事情！
89180	1006	必要的代价！
89241	1007	迷雾中的鸟嘴面具
89312	1008	一个默默无闻的正义夜医
89390	1009	杀爹专业户！
89471	1010	不得癌都对不起这传统啊！
89557	1011	我对你爹没兴趣！
89621	1012	你没了你爹照样会死！
89704	1013	我不是蓝星人
89774	1014	缺一个伺候我的！
89846	1015	我为什么能走到现在！
89912	1016	全面的血肉动乱！
89981	1017	因为你太年轻了！
90045	1018	好人就会被拿枪指着！
90107	1019	那当然是因为我是恶魔！
90170	1020	能不能吃饱就要看你表现了！
90285	1021	接通黑夜城！
90350	1022	你们会被恶魔拯救！
90429	1023	审讯！
90498	1024	一半人口的献祭！
90558	1025	投影！血肉支配者！
90634	1026	死局！
90697	1027	核武来袭！
90771	1028	全面核子打击！
90852	1029	全球注视！
90920	1030	你秃了，也变强了！
90991	1031	我替你找到罪魁祸首了！
91068	1032	往日的仇恨！
91134	1033	全面战争！
91227	1034	心灵抑制器！
91296	1035	全面压制！
91371	1036	优势在我！
91454	1037	叠满debuff！
91534	1038	你确定是诅咒？
91611	1039	传奇级技能！
91684	1040	决战准备！
91755	1041	我已做了我能做的！
91855	1042	被威胁就会变得听话！
91926	1043	六分之一的诅咒！
91994	1044	林恩vs第一使徒
92063	1045	九重梦魇！
92129	1046	再一次的失败！
92208	1047	我与神灵对赌！
92292	1048	骨灰盒
92369	1049	林恩他死了
92442	1050	若是血肉苦弱！
92519	1051	踏出机械的第一步！
92602	1052	召唤！黑夜城！
92686	1053	降临的白夜！
92765	1054	你应该解放你的本性！
92833	1055	我是血肉的神明！
92901	1056	让这座城市来替你偿还！
92958	1057	左左的疯狂！
93023	1058	归来！机械之躯！
93086	1059	什么人形高达！
93159	1060	三位一体！
93229	1061	当然是你生我了！
93318	1062	全面碾压！
93390	1063	镇杀血肉支配者！
93466	1064	你猜我把那部分血肉留哪了？
93558	1065	左左！放弃抵抗吧！
93646	1066	机械形态的凑脑袋！
93729	1067	现场直播！
93848	1068	林恩这个牲口！
93962	1069	血肉剥夺的松动！
94041	1070	最强的机体！
94114	1071	我大哥是最强的
94198	1072	历史性的一刻！
94288	1073	为了拿回血肉之躯！
94364	1074	小林恩
94451	1075	我想试一下我这具新的身体！
94520	1076	全都是小丑的锅啊！
94602	1077	血肉神教的报复！
94671	1078	他还要你看
94776	1079	你们在引蛇出洞！
94865	1080	我与太阳肩并肩！
94941	1081	旧日遗产的信息！
95012	1082	帮我清理一下嘴巴！
95088	1083	被迫的弥赛亚！
95155	1084	隐修会的禁区！
95217	1085	蓝星的炽天使！
95276	1086	位置就在公海！
95327	1087	记得找我疗伤！
95390	1088	他能碰我不能碰？
95449	1089	我们都不是孩子了
95513	1090	就当没有发生过就可以了！
95573	1091	大哥能不能接受变成女孩？
95658	1092	我在蓝星的家！
95733	1093	每次都特别有面子！
95832	1094	又发现脑袋的秘密了呢！
95943	1095	我不可能会珍藏这种东西！
96015	1096	我不可能是女生
96094	1097	石锤了！我真是女生！
96173	1098	与蓝星自己的第一次交锋！
96277	1099	那个异世界的他！
96354	1100	没有第二个林恩！
96422	1101	只能远远地望着！
96492	1102	是您的私生子吗？
96560	1103	回家！
96639	1104	你什么时候绿的我？
96730	1105	平行世界的孩子！
96799	1106	女孩肯定不能这么教育的！
96881	1107	母子相认！
96948	1108	这不是一个正常的家庭！
97017	1109	你拿的不是反派的剧本啊喂！
97101	1110	有坏女人欺负我！
97189	1111	必须要找个机会把他杀了！
97278	1112	爸爸那过分的秘密！
97378	1113	今晚你和你姐一个房间！
97442	1114	多么懂事的孩子啊！
97524	1115	奇异的夜晚！
97622	1116	他应该是醒着的吧！
97709	1117	走！带你去抓鬼！
97791	1118	点击超度！
97861	1119	你确定这真的能超度？
97936	1120	时代的阵痛！
98008	1121	单纯握握手是不是有些太拘礼
98078	1122	坟头炼药！
98156	1123	我不要你的那种东西！
98233	1124	自产自销，你们最大的优势！
98312	1125	惊心动魄！
98399	1126	不就是一个怪物
98499	1127	拟化吧！
98598	1128	你太让我失望了！
98691	1129	去把棺材掀一下！
98789	1130	我走了，批评的就是你了！
98897	1131	时间久了可能会不正常！
98985	1132	我还以为我在地狱很有名！
99082	1133	大家不要以讹传讹！
99179	1134	腿脚不利索，能活到现在？
99273	1135	除非你也别去！
99354	1136	不用害怕，是我！
99426	1137	对寄生虫的最后决战！
99493	1138	诱发的母体！
99579	1139	是因为担心她才跟上来的吗？
99698	1140	那位女士的故居！
99786	1141	同道中人啊！
99897	1142	往日遗念！
99993	1143	血衣的倒影！
100074	1144	好吃吗！
100152	1145	妈妈回来了！
100238	1146	你永远不会杀她是吗
100325	1147	往日的回溯！
100441	1148	她再也看不见了！
100574	1149	唯一能活过来的方法！
100701	1150	她去了魔都！
100832	1151	那个靠近魔都的影子！
100907	1152	只要找到那个罪魁祸首！
100980	1153	只希望你相信我一次！
101058	1154	如果姐姐杀了我！
101141	1155	输的彻头彻尾！
101231	1156	我会给你一个家
101308	1157	无法解决的问题！
101379	1158	我什么也想不起来了
101467	1159	真的一切都忘却了么？
101563	1160	您确定他找不到我？
101644	1161	找到那个恶魔了！
101716	1162	我没想过我居然见过你！
101809	1163	复仇！
101910	1164	百分之百的攻略度！
102021	1165	最初的玩伴！
102132	1166	她给你的是她的善念！
102225	1167	是啊，天晴了！
102335	1168	信赖都给拉满了！
102422	1169	血衣女士：想要报酬吗？
102510	1170	一定是因为巨像之心不给力！
102594	1171	真的有那么正经吗？
102660	1172	他不再是少年了！
102729	1173	未曾设想的苏醒！
102829	1174	一定要看好女儿！
102953	1175	海嗣与圣城！
103053	1176	泄露的污染！
103141	1177	克苏鲁的注视！
103213	1178	不要试图唤醒旧日！
103287	1179	咱们有缘千里再见！
103371	1180	炽天使的魂灯！
103466	1181	林恩被激怒了！
103549	1182	没有威胁的形状！
103655	1183	我一定杀了他！
103779	1184	为什么会有那么多怪异的药剂
103862	1185	画风逐渐崩坏！
103950	1186	只需要抱着我就好了！
104040	1187	隐修会的天主！
104118	1188	神的方程式！
104206	1189	圣女的天灯！
104275	1190	虔信者：艾泽法拉！
104358	1191	克苏鲁之触！
104431	1192	潮涌潮枯！
104526	1193	一个自以为是者！
104630	1194	是她自己释放的一切
104709	1195	为什么不选我呢？
104782	1196	对海嗣的阶段性诱拐！
104868	1197	他林恩就是这样的混蛋！
104962	1198	往日的哀歌！
105044	1199	她成了那旧日的代言！
105137	1200	照亮边境的火炬！
105239	1201	踏足隐修地！
105329	1202	血肉眷属的踪迹！
105409	1203	没人会救你的！
105501	1204	是不是比你们还要神圣？？
105580	1205	看舅哥带你们乱杀他们！
105655	1206	你们是否想过我会来！
105736	1207	终于可以杀死你们了！
105814	1208	最终的破界！
105911	1209	叹息之潮！
105987	1210	无序的进程！
106063	1211	那位曾经的炽天使！
106161	1212	两千年前的渡鸦！
106239	1213	风雨来袭！
106317	1214	不仅仅意味着统治！
106394	1215	让我见祂一面！
106491	1216	都不是什么好东西！
106569	1217	祂明明不是最强的那个！
106644	1218	旧日的时代！
106740	1219	克苏鲁！
106834	1220	这是我诞生的地方！
106928	1221	我们大家都能够离开地狱了！
107029	1222	我还有很多话想和您说！
107127	1223	带她下地狱！
107217	1224	预料之外的剧变！
107331	1225	祂疯了！
107416	1226	通往地狱的大门！
107517	1227	动乱的黑暗世界！
107615	1228	看不到希望的可怕力量！
107715	1229	最后的冲刺！
107804	1230	你们不能死啊！
107908	1231	因为他是最无解的根源！
108013	1232	左左，我们做点什么好呢！
108114	1233	你这个笨蛋！
108167	1234	两百年后再来埋你！
108285	1235	克苏鲁的诅咒！
108373	1236	艾泽法拉！
108480	1237	我将冲向那片星海！
108588	1238	那道冲向蓝天的光！
108696	1239	这一次休想把左左丢下！
108789	1240	再也不喜欢你了！
108887	1241	左左你是我的啊！
108985	1242	有史以来最疯狂的赌博！
109086	1243	让我看看我到底能引动什么！
109183	1244	无瞳的黑暗之眼！
109315	1245	那片苍蓝的色彩！
109468	1246	我不会不管你的！
109582	1247	我似乎遇到过一个人！
109701	1248	沉默的守候！
109797	1249	我的系统，你到底是什么
109894	1250	动乱的泰坦！
109996	1251	机械战争！
110104	1252	克苏鲁的权能领域！
110198	1253	林恩的眷者们！
110308	1254	因为脑袋的心很痛！
110414	1255	你还有一个男人！
110533	1256	您的左左意图死亡！
110632	1257	深入欺骗未遂！
110764	1258	被迫正直的林恩！
110850	1259	现在我们是朋友了！
110942	1260	海嗣女王的崛起！
111033	1261	左左必须受到惩罚！
111130	1262	视界之主！
111277	1263	如果祂没疯的话！
111375	1264	去搞点死星结晶！
111494	1265	它指向了那片灾厄！
111583	1266	我就留在地狱好了！
111666	1267	我并不是不能答应！
111752	1268	命运女神的真容！
111863	1269	强势介入！
111959	1270	强势沦陷！
112082	1271	我要挑战一下自己的软肋！
112173	1272	林恩已经乐不思蜀了！
112295	1273	机械神教！饱和式袭击！
112384	1274	我只是一台没用的冰箱！
112476	1275	我被林恩欺凌过！
112549	1276	机械神教的一员
112632	1277	智械小姐的怀疑！
112729	1278	冰箱的惨痛经历！
112818	1279	全面空袭！
112888	1280	等我给你们开个大！
112967	1281	玩战略的心都脏！
113043	1282	逼入绝境！
113137	1283	我等的也到了哦！
113234	1284	我能召唤旧日神明！
113335	1285	我换个姿势重跳一遍！
113452	1286	我一直都在算计你们啊！
113544	1287	你不能成为我伙伴的原因！
113630	1288	小冰箱也想要上位！
113716	1289	自然的蜕变！
113808	1290	被禁锢的银色幻想！
113905	1291	自古真情得人心！
113996	1292	林恩精心编排的剧本（一）
114088	1293	林恩精心编排的剧本（二）
114185	1294	用力过猛的后果！
114259	1295	你能勘破我的恶意吗？
114326	1296	他贯穿了您所有的梦境！
114417	1297	病名为爱
114504	1298	我终于能和你说话了！
114612	1299	你没有把我当成异类！
114702	1300	以后我们就是一家人了！
114795	1301	意识上传！
114870	1302	文明的伊始！
114948	1303	这不就是血肉的苦弱吗？
115042	1304	私下给指挥官姐姐看的！
115128	1305	林恩他收不住了！
115228	1306	触底反弹的道德！
115332	1307	分裂潜入！
115430	1308	肃正议会！
115524	1309	我已经不需要再隐藏了！
115616	1310	我又不是什么魔鬼！
115713	1311	指挥官姐姐！救命啊！
115814	1312	未来的路应该由您来选择
115891	1313	最痛恨的还是最舍不得的
116013	1314	这又是何必呢
116120	1315	让人类保持理智是一种奢侈！
116247	1316	为什么还要执迷不悟！
116348	1317	输了的代价！
116456	1318	小冰箱的一天！
116546	1319	我去谈个恋爱先！
116655	1320	不醒的幻梦！
116735	1321	因为那会杀了她
116834	1322	要保护好自己！
116917	1323	万机之神这个姥爷是当定了！
116992	1324	我妥妥地能骗她！
117072	1325	病变的母树需要灌溉！
117153	1326	原装的才是最契合的！
117229	1327	晶子们，跟叔叔回家吧！
117305	1328	洗劫一空！
117431	1329	难以想象的异变！
117560	1330	绝地逃亡！
117669	1331	万机之神的阴谋！
117808	1332	你可是我重要的左手啊！
117914	1333	论如何正确卡bug！
118034	1334	根源机体！入手！
118111	1335	我的小眼萝，出来吧！
118228	1336	要死一起死！
118357	1337	左左你脸红个泡泡茶壶啊！
118510	1338	不死的冲锋！
118606	1339	林恩为什么狡诈
118722	1340	金蝉脱壳！
118804	1341	七神：将军
118897	1242	给你拓展一些其他业务！
119003	1243	我全都是为了你们啊！
119076	1344	终于要切割了吗
119152	1345	也许我再也记不得他了
119239	1346	你有爱过她吗
119330	1347	士兵！命令你回应我！
119427	1348	再见了，指挥官姐姐
119560	1349	对母树的史诗级攻略！
119653	1350	母树的堕落！
119769	1351	抵制任何形式的树洞！
119874	1352	我就把一切抵押给你！
119981	1353	数据格式！
120032	1354	他们要攻进来了！
120105	1355	最后反击！
120169	1356	你真的不愿意再和我合作吗
120248	1357	你确定要和我玩吗？
120333	1358	再一次的界门！
120449	1359	我只希望有一个人能告诉我
120540	1360	难以抽离的陷阱
120637	1361	就说是机械神教做的！
120715	1362	开天辟地的巨刃！
120820	1363	变成可耻的模样卖掉！
120899	1364	界门的坠机事件！
120996	1365	我对罗莉过敏！
121095	1366	那一秒很长吗
121165	1367	都是女孩子啊！
121264	1368	你真的认输了吗？
121372	1369	我愧疚的是我成不了他了！
121442	1370	应该是凑脑袋无疑了！
121527	1371	你最应该感谢的是她！
121611	1372	毕竟真话一般人都不爱听
121687	1373	你修好了我？
121794	1374	你想着的明明就是她！
121882	1375	等我再开一次界门！
121981	1376	小小改行吃素啦！
122077	1377	黑夜城高效的情报网！
122173	1378	那就是些没用的灰烬！
122298	1379	主仆之位的争夺
122410	1380	早就已经变成可拆卸的了！
122493	1381	蚀痕的正确使用方式！
122558	1382	你吃了一个族群？
122636	1383	母树的服从
122715	1384	责任和使命！
122785	1385	就当是利息了！
122859	1386	道别前的馈赠
122946	1387	往日遗念
123022	1388	我也不好意思不拿！
123112	1389	果断无视就好了！
123184	1390	最高ss级的威胁！
123254	1391	它会像针一样刺入你的心
123331	1392	那就只有天知道了！
123424	1393	你带不走他了！
123518	1394	要么杀我，要么跟我走！
123606	1395	无论如何我都要活下去
123683	1396	被甩后遗症！
123768	1397	艾雯爵士降临！
123860	1398	当然我可打不过你！
123941	1399	林恩你收敛一点啊！
124020	1400	种于黑夜城！
124104	1401	你居然也有权柄？
124192	1402	每次都开那么多花！
124267	1403	我落笔时看到了血！
124354	1404	并不意味着死亡！
124440	1405	与笔同眠！
124540	1406	古老而混乱的梦境！
124616	1407	血肉支配者的妥协
124698	1408	本次会议由我主持！
124794	1409	比死亡更受不了的东西！
124873	1410	暗流涌动！
124953	1411	您觉得我还会死吗
125038	1412	找主母借个祝福！
125127	1413	整装待发！
125245	1414	风萧萧兮易水寒！
125368	1415	古老的变节者！
125464	1416	我是不是曾经见过你！
125554	1417	你知道我为什么没有疯吗？
125651	1418	笼罩黑夜城的漆黑！
125736	1419	感谢你们的馈赠！
125832	1420	他前进的那个方向是黑夜城！
125924	1421	你要想，要多想！
126032	1422	我的家人们！
126131	1423	我认输了！我扛不住了！
126236	1424	他就是在等你回来啊！
126340	1425	我们希望的是改变
126464	1426	错误的衔尾！
126542	1427	复苏的进程！
126653	1428	蜂巢上传！
126747	1429	人偶小姐，你在哪里！
126860	1430	如果我做了什么，我很抱歉！
126979	1431	良医先生，只剩下您了！
127053	1432	燃烧的黑夜城！
127139	1433	希望的退潮
127226	1434	无能为力，无法醒来！
127338	1435	全城动乱的旧景
127422	1436	那个最后的消息！
127533	1437	最后的送葬！
127629	1438	我向你们对话！
127730	1439	最后的十秒！
127814	1440	末世！
127894	1441	主人在等你
127980	1442	蓝天下的法师塔！
128062	1443	一个说过会娶我的人
128152	1444	古老的记忆！
128244	1445	紫罗兰大君
128330	1446	一辈子都在反抗！
128410	1447	命运的终章！
128502	1448	并没有嗝屁！
128573	1449	我们在这里第一次相见
128667	1450	逐渐揭秘的过往
128746	1451	最后的一只渡鸦
128828	1452	有人要见你！
128900	1453	你就是一个大笨蛋！
128963	1454	每天咬一次，直到咬死！
129042	1455	紫罗兰的遗产！
129133	1456	小小想死个男人嘛？
129199	1457	治愈与伤痕
129266	1458	左拥右抱的双生子
129338	1459	迷失的艾雯爵士
129413	1460	我会把主母带回来的！
129488	1461	羽毛笔，你到底是呢
129560	1462	我可以骑一下吗
129639	1463	可以借一下我的王后吗
129740	1464	半完全体的巨像！
129809	1465	你看啊，我又来找你了！
129881	1466	这点暗示我还是懂得！
129952	1467	杀疫医，抢主母
130044	1468	这些全部都是羁绊啊！
130115	1469	厌倦了猫和老鼠的游戏！
130191	1470	对抗无序的唯一方法！
130253	1471	踏足埋骨地！
130332	1472	会碰到奇怪的东西的！
130400	1473	尖叫的胚胎！
130475	1474	对痛苦的转化！
130539	1475	脑子！这可不兴来啊！
130610	1476	让旧神孕育的方法！
130685	1477	是不是该接生了？
130767	1478	邪神子嗣！
130841	1479	我叫她夏娃！
130903	1480	林恩他出来了！
130976	1481	我的主母你们也该还了！
131048	1482	你不出来，我就进去！
131125	1483	巨像vs堕天使
131205	1484	巨像vs堕天使（二）
131282	1485	根源巅峰的一战！
131352	1486	您是不是把我忘记了？
131424	1487	我让你自爆了吗
131494	1488	堕落的堕天使！
131563	1489	把灵魂卖给我就可以了！
131630	1490	一个脱离低级趣味的人！
131695	1491	与失身赛跑！
131757	1492	深渊的魔君！
131813	1493	他如果在，也会站在你这边
131876	1494	她就是那位魔君啊！
131945	1495	全都想起来了！
132025	1496	属于我的主母！
132092	1497	不要和大家说呀
132170	1498	不要把心里的念头说出来啊！
132243	1499	羽毛笔，你还好吗
132323	1500	第一具尸体！
132399	1501	我真的是渡鸦！
132484	1502	蜂巢的离去！
132547	1503	他不在记得我了吗？
132624	1504	我叫林恩，请多指教
132705	1505	回归黑夜城！
132778	1506	母树复苏的可能！
132855	1507	有纹身的坏罗莉！
132920	1508	左左的那一剑！
132992	1509	脑袋结果子了啊！
133064	1510	神性！
133136	1511	对左左的阶段性训练
133208	1512	守株待萝！
133293	1513	战败惩罚！
133358	1514	左左你这样真的好吗？
133435	1515	不要进来！
133509	1516	巨像的双重奏
133581	1517	额外欺负了一个？
133652	1518	贤婿，好久不见！
133728	1519	大哥帮你突突了！
133802	1520	你做大的，我做小的！
133873	1521	脑子难以启齿的秘密
133945	1522	绝对不会让她离开了！
134027	1523	降临黑堡！
134110	1524	人偶家
134192	1525	王与魔
134272	1526	她还好吗？
134345	1527	他的人偶小姐
134427	1528	轮回的规则！
134497	1529	这次你走都别想走了！
134591	1530	最豪华的治疗
134661	1531	自我认知的死亡
134729	1532	记忆的幻影
134801	1533	人偶篇：序章
134886	1534	若活着就要经受折磨
134973	1535	母亲，女儿回来了
135056	1536	人群中的女孩
135126	1537	最后的一个幻境
135199	1538	她以前是人！
135270	1539	不要踏过那扇墙！
135273	1540	蒸汽与古典之城！
135341	1541	笼中的人偶！
135418	1542	演出的谢幕！
135490	1543	妈妈会回来看你的！
135553	1544	暗无天日的日子（一）
135639	1545	朝夕相处的伙伴（二）
135726	1546	我所向往的自由（三）
135816	1547	劫后余生的流浪（一）
135888	1548	远洋的航行（二）
135966	1549	笼中的金丝雀（三）
136044	1550	太阳的光辉（四）
136140	1551	太阳升起来了（五）
136229	1552	抱着布偶的女孩（一）
136318	1553	新大陆的重逢（二）
136400	1554	她想起来了（三）
136472	1555	活着就要经受折磨（四）
136557	1556	理性下的罪恶（五）
136632	1557	命运的嘲弄（终）
136706	1558	迟到了二十年的报复
136760	1559	支离破碎的心
136820	1560	能让她不再死难了
136946	1561	我所能给予她的
137042	1562	也许这一切都是虚妄
137107	1563	幸福的日子
137191	1564	如果哥哥需要一个妻子
137287	1565	这一辈子，每一辈子
137371	1566	大家一直都记得！
137436	1567	那个小女孩长大了！
137516	1568	我在梦境中的妻子
137584	1569	往后余生
137664	1570	死亡也不能将我们分开
137740	1571	哪怕我已老去
137820	1572	梦境的苏醒
137890	1573	深海的哨声！
137973	1574	你愿意跟我去未来吗？
138066	1575	回归现实！
138143	1576	现实的重逢
138228	1577	你说让我在未来等你
138306	1578	最长情的告白
138381	1579	会被拉去一起的！
138450	1580	人偶家的目的
138527	1581	得到那最可能的豁免！
138603	1582	黑堡的地下
138680	1583	下坠！
138773	1584	横跨时间的陵寝！
138858	1585	旧日时代的渡鸦！
138943	1586	如此相似的左手！
139038	1587	往日的炽天使！
139109	1588	他是我们吗？！
139201	1589	得要暴力破棺了！
139301	1590	渡鸦的尸体！
139401	1591	我的神王陛下！
139494	1592	春日的使者！
139579	1593	渡鸦之死！
139663	1594	第一次注视！
139759	1595	与羽毛笔的重逢！
139848	1596	紧迫的危机！
139934	1597	血肉飞升之道！
140023	1598	林恩那畸变的血肉！
140091	1599	我觉得你能帮到我！
140179	1600	巨像之王的权限
140254	1601	你是渡鸦吗？
140336	1602	基因之父
140417	1603	但爹就是爹啊！
140501	1604	难道脑袋是个瑟瑟的生物吗？
140576	1605	不需要再维持绅士的姿态！
140651	1606	科学而有效的验证！
140739	1607	欺负了我的王后！
140816	1608	一直都这么勇敢的吗？
140893	1609	巨像的双生子带回家！
140988	1610	同床共枕！
141073	1611	渡鸦对巨像的吸引！
141153	1612	黑夜中的阴影！
141236	1613	我自己的声音！
141316	1614	旧日战争的落幕
141393	1615	这个问题谁问谁死
141476	1616	蠕动的血肉根源！
141544	1617	林恩的闺女
141624	1618	夏娃！
141693	1619	多么地富有活力呀！
141779	1620	我的怪谈女儿！
141863	1621	怎么可能不包含在内呢！
141950	1622	群萝乱舞
142033	1623	算是你半个妈！
142117	1624	对脑子的阶段性诱骗！
142189	1625	夏娃的虚心请教！
142296	1626	林恩的实验室！
142366	1627	合理而不需要解释的事情！
142446	1628	失控的夏娃！
142523	1629	私人订制！
142592	1630	都是小丑的锅！
142664	1631	血肉支配者的消息！
142752	1632	诅咒加深的小丑！
142835	1633	你带着这些神何去何从
142910	1634	渡鸦的真正职责！
142989	1635	风雨欲来！
143046	1636	蠕动之城！
143119	1637	再临幸福之家！
143197	1638	巨像的集合！
143276	1639	七神的盟友！
143349	1640	降临深海！
143422	1641	最强根源！
143493	1642	我们也并不是没有权柄！
143568	1643	听说他和主母有一腿！
143637	1644	死亡之主！
143713	1645	命运的权柄！
143796	1646	战争序幕！
143873	1647	背棺捡尸！
143968	1648	送给你的见面礼！
144071	1649	世界崩坏！
144158	1650	战争序幕！！
144226	1651	差点剪掉我们一半的身躯
144296	1652	完全体巨像！
144378	1653	前辈，好久不见
144491	1654	我去对付血肉支配者！
144565	1655	看了就会死的书
144641	1656	说了不要破界了！
144721	1657	泰坦巨神！
144804	1658	请多指教，孽主！
144887	1659	因为你最好对付了！
144946	1660	夏娃，杀了他们！
145025	1661	旧日之影！
145107	1662	最后的无序炸弹！
145180	1663	我就是祂的亚当！
145253	1664	最后的疯狂！
145332	1665	混乱的乐章！
145435	1666	诅咒全面动乱！
145503	1667	我未来能给你们的！
145587	1668	对抗狱卒的伟力！
145661	1669	血肉支配者的陨落
145747	1670	诸天的狱卒！
145820	1671	好感都刷满了！
145920	1672	康斯坦丁船长！
146000	1673	不会有人比他更强了！
146085	1674	血肉支配者的巢穴！
146172	1675	我怎么没想到呢
146248	1676	血肉之核
146332	1677	无尽深渊！
146419	1678	可以去要挟海嗣小姐了！
146505	1679	强化的往日遗念！
146588	1680	往昔六千年！
146666	1681	往日的渡鸦！
146747	1682	诅咒加深的权柄！
146816	1683	古老的堕落之心！
146885	1684	你再诋毁我一下试试？
146950	1685	哭泣小丑入队！
147029	1686	我的诅咒没有那种功能！
147111	1687	灵魂的移植！
147178	1688	这算是正常的蜕变吗
147262	1689	拯救母树的方法！
147332	1690	左左也是发挥出巨大作用的！
147422	1691	蜕变的第一阶段！
147489	1692	似乎很有营养地样子！
147572	1693	那我就不吃了！
147639	1694	脑袋是不会做的！
147724	1695	无序的三大柱神！
147797	1696	横贯主宇宙的灾厄
147875	1697	第二职业！
147942	1698	三年前的药剂店！
148038	1699	深夜光临的顾客
148123	1700	过去的入侵！
148200	1701	镇杀！
148275	1702	神的方程式
148358	1703	时间之外地污染者！
148428	1704	横扫全场！
148520	1705	哥哥太强大了啊！
148602	1706	别成天就想着吃！
148686	1707	哨兵！
148764	1708	火龙级动力甲！
148845	1709	亵渎骑士！
148922	1710	职业任务完成！
148993	1711	那个苍蓝的身影！
149065	1712	我来自未来
149157	1713	疯狂人生的开始！
149253	1714	回归现实
149311	1715	那个白发人就是我！
149399	1716	是我改变了历史么
149494	1717	罪孽城的孽主！
149570	1718	我一定会把他献给您啊
149666	1719	对付林恩的方法！
149738	1720	全部都喝下去！
149824	1721	对孽主的惩罚！
149908	1722	绝对不能起来！
149989	1723	这个糖枣受不受用
150076	1724	哪有晕血的血族！
150170	1725	该死地忘记了！
150252	1726	时间之外的污染！
150343	1727	鲜血孽灵！
150426	1728	夺命追杀！
150509	1729	我是有底牌的！
150596	1730	摇人！摇人！
150672	1731	你之前不是很跳吗
150747	1732	正义的群殴！
150855	1733	你不是林恩！
150935	1734	再见了！大家！
151032	1735	时间是可以跨越的吗
151111	1736	我们走在正确的路上！
151204	1737	就请吃了我吧！
151297	1738	你不是要伤心死了吗
151397	1739	难道还要大哭一场吗
151486	1740	无尽之海！
151565	1741	这座地狱可不管你是谁
151636	1742	深海之王的骑士！
151711	1743	深海异变！
151793	1744	迷雾中的幻境！
151877	1745	核弹洗地！
151957	1746	有史以来最强的一枪！
152039	1747	深海吞噬者！
152114	1748	诅咒！全面动乱！
152202	1749	试图背叛的小丑！
152281	1750	诅咒与净化的双重奏！
152372	1751	你不要侮辱吾王！
152447	1752	是冲着你来的！
152529	1753	大叛乱！
152610	1754	九十九重幻境！
152690	1755	绝命逃亡
152755	1756	你会把他送到我的面前！
152818	1757	是你控制的我们！
152889	1758	没人会记得他了！
153008	1759	只有我还记得！
153111	1760	破局之道！
153183	1761	谁规定蝙蝠不能游泳
153256	1762	深海电码！
153330	1763	该不会是大君手里那把吧！
153405	1764	灭绝令！
153488	1765	我来陪你玩玩！
153564	1766	布满深海的蚀痕！
153638	1767	做你大君曾经做过的事！
153712	1768	无序飙车！
153797	1769	无法抵挡的浪潮！
153881	1770	智商上的碾压！
153966	1771	深海王庭！
154032	1772	不，是同一个人
154111	1773	魂归紫罗兰！
154187	1774	艾泽法拉
154272	1775	它的主人是你！
154348	1776	一切的真相！
154424	1777	沉眠者
154494	1778	大君的遗产！
154590	1779	王戟！
154664	1780	回归的巨兽！
154740	1781	战争爆发！
154821	1782	你的对手是我！
154896	1783	一人成军！
154983	1784	死亡之主
155055	1785	只有你能遏制我的毁灭
155125	1786	围城！
155202	1787	第二只无序化的王兽！
155295	1788	毁灭与创造的规则！
155367	1789	这对你们有什么好处呢
155456	1790	决战！
155530	1791	失却之海！
155628	1792	你和我没有任何区别！
155714	1793	你才能保护好他们！
155809	1794	地狱边境！
155882	1795	天空之城！
155983	1796	集体升格！
156062	1797	天空之城攻防战！
156141	1798	言出法随！
156212	1799	向你的主子问好！
156304	1800	无法勘破的绝望！
156381	1801	他就是这地狱的主人！
156467	1802	深渊归来的骑士！
156550	1803	一切都走在正确的轨道上
156619	1804	这是一场必败的战争！
156703	1805	我怕以后再也见不到了！
156767	1806	只要你不尴尬！
156841	1807	轻易就骗了左左呢！
156920	1808	王兽的重誓！
156991	1809	经常被遗忘的体质！
157081	1810	他要把咱们搬空了啊！
157169	1811	满载而归！
157244	1812	回归黑夜城
157325	1813	你不讲武德！！
157401	1814	被遗忘的艾泽法拉女士！
157492	1815	对不起，我来晚了！
157565	1816	你是有什么企图吗
157643	1817	炽天使与克苏鲁
157716	1818	狱卒的可能性
157787	1819	我可是全体加点！
157859	1820	让我看看你的成绩！
157934	1821	黄金泰坦！
157994	1822	泰坦的传承！
158077	1823	猜对了！是灵能的课程！
158139	1824	给你几百年的时间！
158215	1825	只要不看书都行！
158276	1826	高强度训练！
158374	1827	林恩的阶位评定！
158441	1828	死兆级测试！
158517	1829	尖端对抗！
158584	1830	你们对七神开战了？
158686	1831	地狱火走廊！
158771	1832	万机之神的坠落地！
158856	1833	首战！
158937	1834	蔓延战舰的血肉！
159005	1835	纳米集群风暴！
159081	1836	让我来终结这场战争！
159156	1837	科技飞跃！
159224	1838	就和回家了一样呢
159299	1839	早已今非昔比！
159375	1840	我们也有纳米机械！
159455	1841	纳米潜入！
159528	1842	数字之神！
159600	1843	脑子被监禁了？
159673	1844	学者！
159742	1845	林恩的召唤法阵！
159829	1846	让我们看看谁的更强！
159910	1847	一个局！
159978	1848	将他献祭于外宇
160047	1849	给予我们生存权！
160114	1850	左左的水水！
160205	1851	饲养无序！
160268	1852	终极献祭！
160337	1853	林恩，你落我手上了！
160408	1854	让你们久等了！
160479	1855	我会慢慢陪你们玩！
160546	1856	智力上的压制！
160617	1857	再次潜入！
160682	1858	光宴！
160748	1859	听到的话就不要动！
160815	1860	他终究还是没放过你！
160893	1861	深度cpu：光宴
160950	1862	这样你还愿意接受吗？
161021	1863	如果可以帮你实现三位一体呢
161090	1864	我自己都信了啊！
161160	1865	原子革命！微观文明！
161219	1866	需要一比一对照！
161288	1867	直接就弹回来了呢！
161378	1868	光宴入队！
161467	1869	巨像的去向！
161544	1870	我没伤害你的想法呀！
161639	1871	银色幻想！
161712	1872	一想到这个就想杀你
161788	1873	是我创造了你！
161859	1874	希望不是天要灭我们
161935	1875	光宴的记忆！
162004	1876	很想抱走一只！
162094	1877	卑鄙的篡改！
162183	1878	事情不是这样子的啊！
162256	1879	群萝械斗！
162331	1880	还有这么好的事情？！
162408	1881	针对智械小姐的罗网！
162477	1882	模因病毒！
162533	1883	为了光宴的重组！
162598	1884	留下复燃的火种
162663	1885	不用谢，应该的！
162748	1886	这不是显得更有气氛吗
162827	1887	那我只能亲自下场了！
162898	1888	你给我留下了什么吗
162984	1889	最后一位机神
163055	1890	以太狂潮！
163115	1891	一号智脑！
163191	1892	我这不是来了吗
163265	1893	世界不会围绕你转
163344	1894	智械的再次行动！
163430	1895	她疯了吗！
163504	1896	也一定要搏上一搏！
163583	1897	天降正义！
163643	1898	剧本不是这么发展的吧！
163727	1899	等一下你先别炸
163795	1900	以太
163860	1901	汇合！
163934	1902	你又打不过我！
164005	1903	对智械小姐的二次拿捏
164092	1904	又可以并肩作战了！
164169	1905	以太的围猎
164251	1906	密辛
164328	1907	你睁开过眼睛吗
164416	1908	我最恨装x地人了
164483	1909	正义地围殴！
164561	1910	不要这么嚣张啊！
164645	1911	你就是想拿捏我！
164715	1912	我们还有一位援手！
164801	1913	如果是在另外一个世界呢
164874	1914	都是欺骗你的
164949	1915	机械战争（一）
165010	1916	机械战争（二）
165079	1917	网络入侵！
165156	1918	以m之威！
165231	1919	灭绝级的兵器！
165294	1920	出来吧，小眼萝
165374	1921	全面诅咒动乱！
165465	1922	计划执行！
165543	1923	我一直都是有援军的！
165625	1924	巨像的位置！
165693	1925	全军降临！
165779	1926	你把她怎么了
165861	1927	棋差一招！
165930	1928	开启的原子革命！
165999	1929	逃亡！
166078	1930	你控制不住我的！
166156	1931	最后的备案！
166225	1932	规则结晶！
166308	1933	林恩！好手段！
166386	1934	逃不出去就冲！！
166462	1935	龙首的恳求
166522	1936	这是我们最开始的愿望！
166583	1937	女儿！快逃！！
166657	1938	最后的临门一脚！
166739	1939	他把核心转移了！
166819	1940	逼入绝地！
166893	1941	他会死战不退！
166963	1942	我就这么不堪吗
167044	1943	智械的女王陛下！
167142	1944	也敢面对浩天的雷霆！
167222	1945	至臻机体，银色幻想！
167309	1946	不是冲而是驾！
167386	1947	数学魔方！
167467	1948	决战！！
167551	1949	绝境！
167630	1950	莫比乌斯环！
167717	1951	阶段性共浴
167806	1952	海嗣小姐与智械小姐
167918	1953	灭绝者！
167991	1954	试探和引诱
168072	1955	过去的影像
168142	1956	对付以太的方法！
168213	1957	我不吃你们这一套！
168283	1958	巨构！
168356	1959	灭绝者的反叛！
168427	1960	给你机会你不珍惜！
168493	1961	这性格转变也太大了吧！
168588	1962	成就七神！
168660	1963	和真人一样！
168736	1964	对以太的阶段性试验！
168816	1965	我们再试一次！
168906	1966	镇压他的是大君！
168986	1967	破界与大生产！
169071	1968	界门！
169169	1969	最后时刻！
169258	1970	艾雯爵士！
169346	1971	黑夜城的大军！
169444	1972	我们不是懦夫！
169528	1973	升神！
169614	1974	我会慢慢和你们玩！
169701	1975	等你们升神结束！
169797	1976	以太战争（一）
169892	1977	以太战争（二）
169978	1978	以太战争（三）
170066	1979	以太战争（四）
170159	1980	追杀！
170251	1981	失联七千年的呼唤！
170361	1982	冲击地狱的巨物！
170448	1983	你只造了五台是吧
170533	1984	决战！！！
170619	1985	巨像！
170717	1986	够他们喝一壶的了！
170803	1987	极限
170922	1988	这样下去你会死！
171010	1989	机械哪会流泪
171114	1990	他生前的计划
171187	1991	潜入他的意志！
171289	1992	以太的精神世界！
171387	1993	左左
171475	1994	让我去！我可以！
171555	1995	我会变得越来越强大！
171641	1996	清算的时候到了！
171727	1997	助你成为万机之神！
171826	1998	机械神明的重组！
171920	1999	万姬之神！
172026	2000	最终镇压！
172133	2001	必须要有一位呜喵王！
172233	2002	只能相信他！
172331	2003	三位一体高端机！
172419	2004	你以为我忘记了吗？
172510	2005	银色幻想归心！
172623	2006	我们又该何去何从
172694	2007	时间不曾轮回
172762	2008	回归黑夜城！！
172840	2009	北海异变！
172927	2010	界外地注视！
173017	2011	奈奈子
173106	2012	真相！
173195	2013	大坠落！
173279	2014	主宇宙的神灵们！
173355	2015	这就是我和你的不同！
173436	2016	第二次大坠落！
173522	2017	灾变后的一个月！
173590	2018	时间战争！
173671	2019	变得更强了！
173771	2020	三柱神！
173851	2021	不能给大家一个明确的答案！
173934	2022	让神灵行于大地！
174018	2023	大型封神现场！
174116	2024	成神之路
174194	2025	你叫我什么
174278	2026	罪孽城！
174367	2027	鲜血孽灵！！
174457	2028	不要练这个法了！
174543	2029	她晕血的啊！
174637	2030	要不吸我的血？
174743	2031	艰难地抉择！
174842	2032	血萝骂的可难听了！
174937	2033	渡鸦的异状！
175040	2034	羽毛笔！
175137	2035	未来的他来过吗！
175249	2036	给你一次机会！
175335	2037	绝不认输！
175438	2038	三日之前！
175545	2039	因果倒置！
175660	2040	再来！
175762	2041	留在过去！
175830	2042	二十一万年前！
175941	2043	宿命的闭环！
176043	2044	时光荏苒！
176129	2045	长进了一点！
176225	2046	当世无敌再来见我！
176311	2047	异变！
176398	2048	战书！
176486	2049	巨像危机！
176592	2050	我可以教你一招
176672	2051	试探的方法！
176771	2052	全部都记录下来了！
176865	2053	后院起火！
176979	2054	你还不承认！
177085	2055	能看到脸就行了！
177173	2056	审判！
177255	2057	直接说不就可以了吗
177335	2058	一个死敌！
177416	2059	一个设想！
177500	2060	设定我要杀了你！
177576	2061	创造！
177656	2062	你该怎么战胜我！
177751	2063	破茧的开始
177853	2064	心的接近！
177931	2065	不要被抛弃了
178016	2066	我包容性挺强
178105	2067	是谁提出这个馊主意的
178193	2068	真不是林恩？！
178279	2069	进行一些友善的问候！
178383	2070	都是巨像构成的！
178459	2071	交流进步！
178529	2072	圣安娜！
178613	2073	重逢！
178690	2074	风评的恶劣影响
178761	2075	让你们加入进来的筹码！
178844	2076	真的是无趣！
178923	2077	我已经很不耐烦了！
179016	2078	以命相搏！
179120	2079	撕碎你的神威！
179211	2080	地狱下的战争！
179295	2081	再来！！！
179383	2082	很多人都叫过这个名字！
179472	2083	另外一只渡鸦？
179568	2084	林恩的目的！
179653	2085	整个地狱都乱了！
179728	2086	心灵之海！
179814	2087	林恩的第一次破防！
179902	2088	你说话太大声了！
179985	2089	法则之路！
180064	2090	暴风雨前的宁静！
180148	2091	法则的反噬！
180232	1292	康斯坦丁船长
180340	2093	半步神位！
180441	2094	决战！！！！
180541	2095	死亡与死亡的碰撞！
180658	2096	我们是卑劣地二对一！
180740	2097	最终对决！
180843	2098	不输给任何人的存在！
180927	2099	另外两个疯狂的家伙！
181027	2100	最大的一次控制！
181110	2101	围猎！
181205	2102	规则之下！
181319	2103	再来一次你能战胜我吗
181446	2104	轻易地就放逐了啊！
181555	2105	嘲讽模式！
181661	2106	向着神灵拔刀！
181762	2107	那个黑袍人是他！
181875	2108	三招！
181994	2109	重回黑夜城！
182108	2110	林恩的大审判！
182199	2111	地狱该统一了
182299	2112	所有人都会死！
182383	2113	渗透！
182482	2114	升格为神！
182566	2115	统一后的第一天
182640	2116	人闲事才多！
182711	2117	打到我满意为止！
182805	2118	问就加一百圈！
182895	2119	五百根源的拉练！
182984	2120	梦境的积分赛！
183068	2121	谁赢谁当老大！
183149	2122	小组排名！
183219	2123	一神两狗与死了又活！
183289	2124	三千年的仇恨！
183365	2125	我们会被杀尽！
183448	2126	一个人的战争！
183549	2127	神灵建军！
183638	2128	除了左左外的每一位！
183721	2129	分的明明白白！
183821	2130	被忘却的泰坦！
183919	2131	被拿捏的林恩！
184016	2132	我们强烈抗议！
184103	2133	如果结婚能永远再一起！
184204	2134	我不怕我自己死掉！
184281	2135	哥哥有很多小妻子吗？
184365	2136	最开心的时光！
184451	2137	我只是为了你们
184529	2138	最后的承诺
184605	2139	主宇宙的防线！
184695	2140	铸就防线之人！
184765	2141	三大边疆！
184835	2142	入梦者！
184921	2143	狱卒的大本营！
185006	2144	西王！
185082	2145	命运的荒诞！
185155	2146	深渊！
185222	2147	小丑也是要尊严的！
185298	2148	踏足无序边境
185375	2149	你靠的太近了！
185453	2150	幽冥海的源头！
185533	2151	幽冥海中的人影！
185623	2152	边缘世界！
185703	2153	边境战争！
185794	2154	以数量取胜！
185882	2155	机械的战争潜力！
185958	2156	神皇陛下！
186043	2157	可以叫我神皇陛下！
186124	2158	你来自地狱？！
186198	2159	被腐化的神界！
186264	2160	无序边疆
186328	2161	艾维儿
186399	2262	他们在制造无序生灵
186478	2163	林恩的指挥！
186579	2164	无序的缰绳！
186652	2165	找到就可以灭了！
186724	2166	随便给我一两个世界！
186807	2167	紫罗兰的长女！
186904	2168	她一直在利用你！
186983	2169	外面的世界比我们更畏惧！
187057	2170	无法被灾厄掌控的力量！
187125	2171	我更在意时间神格！
187202	2172	让自己眼里充满希望
187268	2173	可以变成无序生物！
187354	2174	血肉方舟！
187426	2175	一座不亏，两座血赚！
187505	2176	艾维儿殿下a上去了！
187582	2177	所有战利品都是我的！
187656	2178	给予你们的最大的特权！
187726	2179	可控的无序生灵！
187799	2180	拥有意志的差距！
187875	2181	还有一种方法！
187959	2182	林恩出手！
188050	2183	无序崩解！
188138	2184	血肉之神！
188214	2185	前往深渊！
188295	2186	边疆地带！
188357	2187	迷雾之海！
188445	2188	举目皆寂！
188542	2189	这真的是幻境吗？
188644	2190	这是一条错误的路
188738	2191	只会有一个初诞者！
188822	2192	未来有什么！
188933	2193	屹立在时间尽头的身影！
189035	2194	幽冥海的高塔！
189126	2195	破碎的时间长河！
189227	2196	汇合！！
189307	2197	深渊第一位面！
189392	2198	遥不可及的血月！
189465	2199	诡秘之地！
189571	2200	血月下的战争！
189644	2201	时间入侵！
189751	2202	回到了最初！
189825	2203	那个红月下的身影！
189901	2204	我会在未来彻底杀死你！
189975	2205	终于轮到我了吗？
190057	2206	循环！
190131	2207	注定的劫难！
190214	2208	他会参战！
190297	2209	王座之上的身影！
190398	2210	时间之外的恐怖！
190477	2211	活下来的就我一个！
190558	2212	因果的律法还在！
190639	2213	一刀破苍穹！
190719	2214	突围！
190802	2215	天堂之战！
190876	2216	最大规模的时间战争！
190960	2217	最后一搏！
191037	2218	天堂之战的战场！
191119	2219	有插销可以固定！
191197	2220	虚空中漂浮的头颅！
191292	2221	超维链接！
191382	2222	血枢！
191481	2223	巨像的感应！
191553	2224	窃夺了我的血质！
191631	2225	他会是巨像的起源？！
191710	2226	机械星云！
191784	2227	灵能的痕迹！
191865	2228	苍白的耀阳！
191958	2229	真正的三位一体！
192030	2230	命运之路！
192110	2231	三位一体！！
192179	2232	重归主宇宙！
192258	2233	逃出来了！
192341	2234	是脑袋长大了！
192425	2235	战争动员！
192510	2236	黑夜城！降临深渊！
192593	2237	该是你们发泄的时候了！
192686	2238	血战！
192759	2239	没办法好好水群了！
192837	2240	深渊的天使们！
192901	2241	我并不需要女仆团！
192966	2242	能干的天使！
193036	2243	买一送十！
193105	2244	凿穿深渊的通道！
193173	2245	无序走廊！
193239	2246	你凭什么低估你的对手！
193313	2247	无序引擎！
193399	2248	直面千军！
193466	2249	如入无人之境！
193537	2250	最后的反扑！
193607	2251	那就喂给你们的女主人！
193689	2252	神战的可能！
193765	2253	三位一体的晋升！
193855	2254	你就不能安慰他！
193931	2255	卧槽，可以的吗！
194015	2256	最坏的结果！
194086	2257	破碎之眼！
194166	2258	死战不退！
194244	2259	闭关！
194340	2260	林恩你这个混蛋！
194417	2261	时间的一种可能性！
194495	2262	小丑与乐者！
194569	2263	你输了！
194636	2264	绝境阻击！
194708	2265	无序生灵！
194785	2266	时间足够的！
194871	2267	神降！
194949	2268	刺破天空的黑剑！
195040	2269	艾维儿！
195124	2270	难道真的能弑杀神明？
195193	2271	大军降临！
195258	2272	小丑吃你家大米了！
195339	2273	至高有序！倒反天罡！
195409	2274	深渊战争（一）
195470	2275	深渊战争（二）
195543	2276	深渊战争（三）
195610	2277	这个世界不会再有你们的位置！
195688	2278	极致收圈！
195752	2279	血肉与暗影！
195822	2280	神灭！
195908	2281	决战的落幕！
195991	2282	理想者的死亡！
196065	2283	残酷而黑暗的计划！
196134	2284	真理神王！
196201	2285	魇！
196274	2286	我们喝酒！
196357	2287	主母，我还想再解一下！
196433	2288	我怎么能这么做！
196500	2289	金色的翎羽
196566	2290	必须要有一批半神！
196636	2291	时间加速的可能！
196712	2292	时间小屋！
196786	2293	第二位半神！
196857	2294	母树的回归！
196921	2295	我们已经不在地狱了是吗
196979	2296	毁灭法则！
197050	2297	第二位回归者！
197128	2298	炽天使！
197200	2299	我怎么能不接受呢
197275	2300	蜕变的艾泽法拉
197351	2301	再没有遗憾了！
197432	2302	第三位半神！
197494	2303	成为她的护道者！
197559	2304	无法掌控法则！
197640	2305	不会认可一个外来者！
197710	2306	法则的排斥
197790	2307	本左之墓！
197868	2308	我没办法修行法则了是吗
197945	2309	血枢
198032	2310	法则之路的断绝！
198104	2311	那就走其他的路！
198188	2312	和外来者的联系！
198253	2313	重回天堂之战！
198332	2314	我就是你的老师！
198395	2315	升华的智械！
198472	2316	一点都不坦率！
198544	2317	这种模样算什么
198613	2318	巨像的晋升！
198683	2319	出问题了！
198758	2320	入梦者！！！
198836	2321	残忍的过去！
198898	2322	我会给你一次机会！
198971	2323	你怎知我只会这一种力量！
199064	2324	来追寻我吧！
199143	2325	目标：紫罗兰世界！
199213	2326	重归故里！
199302	2327	冬泉谷！
199365	2328	从后门出来了啊！
199440	2329	我冬泉谷的先祖！
199517	2330	织梦！
199585	2331	首先要牺牲的就是你们！
199653	2332	赌上性命来战斗！
199740	2333	你们最是无情了！
199824	2334	那一日，渡鸦来了！
199911	2335	新世界的第一个新娘！
200019	2336	我的话就是这么准！
200103	2337	无数年后的紫罗兰世界！
200189	2338	虚幻之城！
200260	2339	她当然是我的孩子！
200337	2340	难以弥补的差距！
200406	2341	我厌倦这场游戏了！
200488	2342	让命运见鬼去吧！
200562	2343	对峙！
200653	2344	自我了断！
200724	2345	彻头彻尾的疯子！
200805	2346	按我说的做！
200881	2347	最后一次机会了！
200959	2348	超脱时间的那一刻！
201039	2349	你创造她的目的是什么
201112	2350	容器！
201180	2351	代替他！
201255	2352	教学！
201333	2353	三位一体的至高形态！
201399	2354	训练！
201469	2355	实力排行！
201536	2356	初诞者之力！
201613	2357	星空的异变！
201690	2358	神降！！！
201761	2359	真理神王！！
201831	2360	我们弑杀神明！
201909	2361	神战！
201982	2362	敢在我面前班门弄斧！
202053	2363	已经足够了！
202120	2364	焚烧天际的白烬！
202206	2365	上位之神！
202286	2366	而她已是画家
202359	2367	屠神！
202435	2368	这是最后的一课
202518	2369	落幕！
202606	2370	艾雯爵士！！
202697	2371	回归！
202783	2372	我们向他们宣战！
202866	2373	重归过去！
202944	2374	三招！！！
203016	2375	属于自己的梦境！
203106	2376	造物主！
203200	2377	远征的号角！
203271	2378	我的黑弦月！
203352	2379	远征开始！
203425	2380	降临主宇宙！
203493	2381	突袭破碎之眼！
203573	2382	梦境与现实的界限！
203650	2383	那金色的边境啊！
203733	2384	首战告捷！
203812	2385	闪电战！
203883	2386	神族联军的震撼！
203954	2387	希望远征！
204033	2388	绝对不能有事！
204106	2389	虚惊！
204196	2390	阳谋！
204271	2391	群星调动！
204351	2392	下一个要前往的目的地！
204448	2393	全面出击！
204528	2394	大胜！
204604	2395	我们必须撤出深渊
204678	2396	真理神王的威胁
204753	2397	内部的泄露
204826	2398	破碎神界
204897	2399	你们没有时间了！
204974	2400	我来告诉你们他们的计划！
205044	2401	他们来了！
205125	2402	逃亡！！！
205201	2403	罪火！
205279	2404	牺牲！
205369	2405	我们就已经知足了！
205462	2406	巨像的离去！
205541	2407	狩猎！
205628	2408	烧尽迷雾之海！
205711	2409	引诱！
205792	2410	混战！
205866	2411	罪火！！
205955	2412	他真的是真理神王吗
206043	2413	诱敌深入！
206134	2414	踏足！
206231	2415	时间尽头的身影！
206322	2416	最后一战！
206427	2417	时间塌陷！
206520	2418	时间之外的沉眠
206624	2419	那是她的太阳
206738	2420	我们活下来了！
206830	2421	你到底去了哪里
206910	2422	时间的尽头
207017	2423	定格的末日
207103	2424	一切的真相！！
207197	2425	一座坟，两个人
207285	2426	拼尽全力！
207367	2427	重归迷雾之海！
207441	2428	屠杀！
207531	2429	深渊的惨状！
207625	2430	那位温柔的王！
207710	2431	防线的崩塌！
207782	2432	异常！
207871	2433	因果攻击！
207967	2434	重归起点！
208064	2435	背水一战！
208152	2436	唯一的活路！
208232	2437	难以勘破的死局！
208311	2438	置之死地！
208420	2439	最后的罪火！
208513	2440	死前的幻影
208602	2441	哪怕是一辈子
208705	2442	谁也休想害他！
208792	2443	从我的尸体踏过去！
208862	2444	这值得吗
208940	2445	刺杀！
209034	2446	我怎么敢不醒
209122	2447	再见画家
209199	2448	当年的轮回神王！
209286	2449	他们不敢让他 清明！
209364	2450	万物神格！
209451	2451	尘封的回忆
209531	2452	重归黑夜城！
209610	2453	漫天神格！
209686	2454	空间神格！
209769	2455	探寻！
209849	2456	里世界的里世界！
209854	2457	好，死心了！
209938	2458	半神的进阶！
210008	2459	泰坦的突破！
210077	2460	神王的权柄！
210160	2461	同生共死
210229	2462	我们的未来！
210303	2463	如果乐者还存在
210367	2464	我不是回来了吗
210444	2465	爱别离
210515	2466	腐化
210583	2467	出征前的序章
210656	2468	还是留在过去吧
210731	2469	这是你的蛋？
210805	2470	只要能要到饭
210894	2471	破碎神界！
210968	2472	命运神国！
211039	2473	幸存者
211119	2474	庇护所！
211185	2475	艾维儿！！！
211255	2476	没错，我就是紫罗兰大君！
211318	2477	时间神格的线索
211396	2478	我们向您效忠
211466	2479	速度与静谧
211537	2480	探寻
211610	2481	神国的隐秘！
211687	2482	原来你们也会恐惧！
211754	2483	旧世的神国！
211836	2484	摇曳的枝芽
211907	2485	过往的记忆！
211982	2486	背叛与抛弃！
212056	2487	苦痛轮回！
212128	2488	杀尽我等！
212201	2489	屠戮！
212276	2490	银色的太阳
212342	2491	因果
212422	2492	难言的讽刺
212496	2493	时间神王
212566	2494	重归时间之外
212642	2495	每一个轮回他都在
212721	2496	失败的真相
212823	2497	时间与轮回
212914	2498	你到底是为了什么呢
212994	2499	真正地结局
213076	2500	让我永远不会苏醒
213157	2501	未竟的承诺
213246	2502	反正不是自己闺女
213328	2503	爸爸！
213415	2504	战争机器！
213476	2505	潜入！
213555	2506	又一个真理神王！
213631	2507	织梦还活着！
213717	2508	神王的位格
213787	2509	真正要面对的敌人！
213847	2510	神尸之路
213923	2511	七十二柱！
214009	2512	时间之末的松动！
214088	2513	织梦！！
214171	2514	毁灭神格！
214251	2515	让我来毁灭你！
214325	2516	兽王！
214400	2517	吞噬！
214484	2518	斩天一刀！
214573	2519	承诺
214663	2520	往昔
214736	2521	我们两不相欠
214812	2522	最终一舞
214886	2523	神王的国度
214951	2524	镜面的魇
215028	2525	牢笼！
215114	2526	漫天星火！
215202	2527	神疆再临！
215281	2528	破绽！
215357	2529	绝杀！
215439	2530	追寻
215520	2531	初诞者的神格！
215620	2532	决战！！！！！
215693	2533	最后的防线！
215774	2534	给你十分钟！
215865	2535	归来！
215960	2536	反攻倒算！
216047	2537	挥刀向你过去
216131	2538	尾声
216225	2539	我们失败了无数次
216296	2540	重归地狱！
216373	2541	我们一起还！
216453	2542	织梦！！！！！
216528	2543	离别
216624	2544	如果未来对你做了什么
216713	2545	未来，会不会更好
216784	2546	白驹过隙
216846	2547	闭关
216923	2548	创造你的力量
216999	2549	更高地境界！
217097	2550	机械狂潮
217166	2551	积淀与成长
217244	2552	我出不去的
217327	2553	十年战争
217406	2554	暴风雨前的宁静
217482	2555	灾厄降临
217586	2556	全面战争！！！！
217674	2557	可并不是在孤军奋战
217765	2558	无法阻止的失败！
217844	2559	选择与背叛
217935	2560	不，他不在那里！
218034	2561	冰冷的坟墓
218106	2562	他回来了！！！
218187	2563	我只针对你！
218264	2564	再来！！！！
218347	2565	吾王回归！
218437	2566	向那无尽黑暗！
218513	2567	三对一，优势在你
218588	2568	恐怖的成长！
218664	2569	决战之时
218753	2570	我遵守我的约定
218836	2571	汇合！！！！
218921	2572	灾厄中的那个身影！
219007	2573	最终的方案！
219087	2574	破开黑夜的利剑！
219171	2575	向那最黑暗拓路！
219272	2576	无尽幻梦！
219373	2577	画家的消逝
219463	2578	只能靠我们了
219551	2579	对不起，左左
219633	2580	无法跨越的瓶颈
219716	2581	尽头又在哪里呢？
219806	2582	如果这寒冬太久了
219898	2583	不能再等下去了！
219985	2584	就当我们从来没有见过
220064	2585	织梦！！！！！！！
220132	2586	无法开口的真相
220227	2587	战争，永无止尽
220298	2588	送葬的黑雨
220382	2589	艾雯爵士
220487	2590	罪恶王座
220578	2591	成熟就意味着失去
220687	2592	第三阶段的黑火！
220773	2593	你将成为一个骗子
220840	2594	那么代价呢
220907	2595	登临王座！
220980	2596	战端再起！
221056	2597	见证你的巅峰！
221130	2598	信仰的退潮
221229	2599	那一点漆黑之火
221312	2600	碾压！
221400	2601	未来的希望！
221479	2602	还能再烧什么呢？
221555	2603	他已拜托过我！
221641	2604	命运的轨迹！
221735	2605	你我皆凡人
221809	2606	梦幻泡影！
221881	2607	那是终焉之火
221967	2608	完美世界！
222032	2609	归来的小丑
222112	2610	最后的辉煌时代！
222180	2611	终于还是要来了！
222270	2612	苏醒的信号！
222350	2613	我怕你孤单啊！
222423	2614	最后的晋升！
222503	2615	我们绝不懊悔！
222574	2616	最终黑暗！
222666	2617	对不起林恩，我骗了你
222747	2618	那是代表罪恶的王座
222829	2619	不再是我的家人
222868	2620	下辈子再见！
222900	2621	最后的信仰之城！
222999	2622	无法退却的牺牲！
223073	2623	最后的乐章！
223152	2624	船长与人偶家
223236	2625	我会守到最后一刻！
223300	2626	黑夜城，沦陷！
223370	2627	最后的绽放！
223436	2628	你也并不孤单啊！
223499	2629	梦中的弦奏！
223593	2630	现实的悲歌！
223674	2631	末日之下（一）
223754	2632	末日之下（二）
223823	2633	末日之下（三）
223916	2634	末日之下（四）
224002	2635	敬明天！
224103	2636	挡在那岁月长河
224198	2637	你出师了，林恩
224298	2638	无尽沉眠！
224377	2639	那第二个门槛！
224444	2640	无序的大梦！
224508	2641	无法遏制的衰退！
224583	2642	终于等到你
224660	2643	我们一定会重逢的！
224739	2644	你也快还给我吧
224827	2645	左左！
224895	2646	哪怕迈向的是毁灭！
224975	2647	仿佛如初
225047	2648	时间战争的开端
225150	2649	穿越时光渡鸦！
225229	2650	如果可以给你选择
225312	2651	灭世的黑炎！
225397	2652	未来的不确定性！
225477	2653	过去的重合！
225560	2654	时间之外的黑影！
225646	2655	追杀！！！
225710	2656	历史的陷阱！
225790	2657	时间战争！！！！
225864	2658	你到底是什么人！
225934	2659	我们会再见面的！
226015	2660	到底是什么在驱使着你
226097	2661	蝴蝶效应！
226179	2662	自己的过去
226271	2663	旧日之神！
226342	2664	遥远过去的自己！
226411	2665	新世界的记忆（一）
226484	2666	这个世界没有真理！（二）
226563	2667	永恒的寒冬（三）
226629	2668	那就让我来反抗吧！（四）
226705	2669	他一定会死！
226780	2670	密集的入侵！
226869	2671	不寒而栗的计划
226945	2672	会是怎样的命运
227022	2673	历史的更迭
227097	2674	注定的宿命！
227172	2675	如果我必须杀了你！
227250	2676	因我而起，因我而终
227336	2677	我们一战！！！
227404	2678	需要被斩掉的因果！
227485	2679	与时间赛跑！
227569	2680	往日幻梦（一）
227644	2681	再相逢（二）
227718	2682	等你一千年（三）
227795	2683	你我皆凡人（四）
227871	2684	我会还给你的（五）
227954	2685	三位一体之主（一）
228036	2686	旧世的永恒（二）
228123	2687	苦痛轮回！（三）
228205	2688	梦境的真相！（四）
228293	2689	最后的告别！
228370	2690	过去的杀招！
228445	2691	最后的时间战争！
228522	2692	截杀！
228603	2693	你到底是谁！！！！
228679	2694	唯一活下来的希望！
228765	2695	时代终末的接轨！
228854	2696	无解的死局
228937	2697	终焉的倒计时！
229021	2698	轮回！
229090	2699	这是我最后能帮你的
229187	2700	重生与未来！
229270	2701	最终的决战！
229360	2702	大结局（一）
229439	2703	大结局（二）
229603	2704	大结局（三）
229757	2705	大结局（四）
229936	2706	大结局（五）
230072	2707	我一定会等你的啊！
230222	2708	如梦似幻！
230452	2709	不是再见的再见（终）
230595	2710	完本感言
