"id","comment","category","enabled","constant","selective","keys","position","depth","insertionOrder","characters","ejs","decorators","getvarPaths","relativePath"
"0","NPC人物生成规则","叙事与生成协议","false","true","false","","before_char","4","100","868","false","","","世界书\NPC人物生成规则.txt"
"1","秘境/遗迹生成","叙事与生成协议","false","true","false","","before_char","4","100","416","false","","","世界书\秘境_遗迹生成.txt"
"2","详细人物:林若悠","人物与NPC","true","false","true","林若悠|玉灵宫圣女|空明幻体","after_char","4","100","345","false","","","世界书\详细人物_林若悠.txt"
"3","详细人物：宫银叶","人物与NPC","true","false","true","残影身法|青云步|冰火双绝体|联网手机|护身灵纱|小混沌手镯|宫银叶","after_char","4","100","855","false","","","世界书\详细人物：宫银叶.txt"
"4","玄天界宗门生成","境界与力量体系","false","true","false","","before_char","4","100","967","false","","","世界书\玄天界宗门生成.txt"
"5","仙界关键人物","人物与NPC","false","true","false","","before_char","4","100","1648","false","","","世界书\仙界关键人物.txt"
"6","详细人物:慕欣心","人物与NPC","true","false","true","垂天钓竿|混元道体|天庭大帝|慕欣心","after_char","4","100","399","false","","","世界书\详细人物_慕欣心.txt"
"7","玄天界城市生成","叙事与生成协议","false","true","false","","before_char","4","100","1831","false","","","世界书\玄天界城市生成.yaml"
"8","功法生成","叙事与生成协议","true","true","false","","before_char","4","100","904","false","","","世界书\功法生成.txt"
"9","机遇","叙事与生成协议","true","true","false","","after_char","2","100","388","false","","","世界书\机遇.txt"
"10","境界","叙事与生成协议","true","true","true","","before_char","4","100","634","false","","","世界书\境界.txt"
"11","人物详情：青衣","人物与NPC","true","false","true","青衣|绛鳞王|大兄","after_char","4","100","1143","false","","","世界书\人物详情：青衣.txt"
"12","礼仪","叙事与生成协议","true","true","true","","before_char","4","100","463","false","","","世界书\礼仪.txt"
"13","战斗","叙事与生成协议","true","true","false","战斗|出手|攻击|发起|偷袭|决战","before_char","4","100","458","false","","","世界书\战斗.txt"
"14","神识","境界与力量体系","true","true","false","神识","before_char","4","100","196","false","","","世界书\神识.txt"
"15","器物","叙事与生成协议","true","true","false","","before_char","4","100","884","false","","","世界书\器物.txt"
"16","状态栏","叙事与生成协议","false","true","false","","after_char","1","6","4372","false","","","世界书\状态栏.txt"
"17","具体数值","叙事与生成协议","true","true","true","","after_char","3","100","1279","false","","","世界书\具体数值.txt"
"18","灵根","叙事与生成协议","true","true","false","","before_char","4","100","666","false","","","世界书\灵根.yaml"
"19","玄天界灵石体系","叙事与生成协议","false","true","false","","before_char","4","100","2704","false","","","世界书\玄天界灵石体系.yaml"
"20","黑暗森林","叙事与生成协议","true","true","false","","after_char","2","100","1310","false","","","世界书\黑暗森林.txt"
"21","时间","叙事与生成协议","true","true","false","","before_char","4","100","258","false","","","世界书\时间.txt"
"22","合理性审查","叙事与生成协议","true","true","true","","after_char","1","7","2604","false","","","世界书\合理性审查.txt"
"23","玄天界介绍","境界与力量体系","false","true","true","","before_char","4","100","604","false","","","世界书\玄天界介绍.yaml"
"24","玄天界主要势力与组织","势力与组织","false","true","true","","before_char","4","100","1117","false","","","世界书\玄天界主要势力与组织.txt"
"25","玄天界核心规则","叙事与生成协议","false","true","false","","before_char","4","100","478","false","","","世界书\玄天界核心规则.txt"
"26","玄天界周期性秘境","地点与世界结构","false","true","false","","before_char","4","100","229","false","","","世界书\玄天界周期性秘境.txt"
"27","地点详情：中央神州","势力与组织","true","false","true","中央神州|中州","after_char","4","100","1253","false","","","世界书\地点详情：中央神州.yaml"
"28","势力详情：广寒宫","境界与力量体系","true","false","true","广寒宫|北冥雪原","after_char","4","100","348","false","","","世界书\势力详情：广寒宫.yaml"
"29","势力详情：天机阁","境界与力量体系","true","false","true","天机阁|中立情报组织","after_char","4","100","334","false","","","世界书\势力详情：天机阁.yaml"
"30","势力详情：太阳神宫","境界与力量体系","true","false","true","太阳神宫|神主|体修|体修势力|南离火洲|万丈火山之巅","after_char","4","100","360","false","","","世界书\势力详情：太阳神宫.yaml"
"31","势力详情：蜀山剑门","境界与力量体系","true","false","true","蜀山剑门|顶尖宗门|正道魁首|中央神州西部|西部|中央神州|蜀山","after_char","4","100","327","false","","","世界书\势力详情：蜀山剑门.yaml"
"32","势力详情：血神宫","境界与力量体系","true","false","true","血神宫|血宗|不枯血海|南离火洲中央|南离火洲","after_char","4","100","357","false","","","世界书\势力详情：血神宫.yaml"
"33","势力详情：万魂殿","境界与力量体系","true","false","true","万魂殿|南离火洲|阴风山脉","after_char","4","100","315","false","","","世界书\势力详情：万魂殿.yaml"
"34","势力详情：合欢宗","境界与力量体系","true","false","true","合欢宗|百花谷|百花合欢阁|勾栏","after_char","4","100","452","false","","","世界书\势力详情：合欢宗.txt"
"35","势力详情：尸魔宗","境界与力量体系","true","false","true","尸魔宗|南离火洲与北冥雪原的交界|葬仙坡","after_char","4","100","355","false","","","世界书\势力详情：尸魔宗.yaml"
"36","玄天界关键人物","人物与NPC","false","true","true","","before_char","4","100","5024","false","","","世界书\玄天界关键人物.txt"
"37","人物详情：幽悦","人物与NPC","true","false","true","幽悦|尸魔宗宗主","after_char","4","100","561","false","","","世界书\人物详情：幽悦.txt"
"38","人物详情：凌月","人物与NPC","true","false","true","凌月|尸魔宗圣女|继承人|玄阴炼尸诀|太上玄冰凝身诀|先天尸魅之体|本命天尸","after_char","4","100","818","false","","","世界书\人物详情：凌月.txt"
"39","人物详情：阴罗长老","人物与NPC","true","false","true","阴罗|尸魔宗大长老|主管内务|夺魂炼尸|抽取神魂注尸身|炼制魂尸","after_char","4","100","586","false","","","世界书\人物详情：阴罗长老.txt"
"40","人物详情：晚絮长老","人物与NPC","true","false","true","晚絮|尸魔宗执法长老|主管刑罚","after_char","4","100","536","false","","","世界书\人物详情：晚絮长老.txt"
"41","人物详情：瑶汐宫主","人物与NPC","true","false","true","瑶汐宫主|广寒宫之主|瑶汐","after_char","4","100","541","false","","","世界书\人物详情：瑶汐宫主.txt"
"42","人物详情：林雪","人物与NPC","true","false","true","林雪|广寒宫圣女|万年玄冰之态|太阴神体|千年一遇至高体质|天生亲和太阴大道","after_char","4","100","543","false","","","世界书\人物详情：林雪.txt"
"43","人物详情：白薇","人物与NPC","true","false","true","剑主|蜀山剑门掌门|白薇","after_char","4","100","582","false","","","世界书\人物详情：白薇.txt"
"44","人物详情：苏清雪","人物与NPC","true","false","true","苏清雪|蜀山剑门圣女|掌门亲传","after_char","4","100","739","false","","","世界书\人物详情：苏清雪.txt"
"45","人物详情：玄虚掌教","人物与NPC","true","false","true","玄虚掌教|昆仑道门掌教|玄虚","after_char","4","100","559","false","","","世界书\人物详情：玄虚掌教.txt"
"46","人物详情：陆雪琪","人物与NPC","true","false","true","陆雪琪|昆仑道门圣女|气运之女","after_char","4","100","571","false","","","世界书\人物详情：陆雪琪.txt"
"47","人物详情：紫薇","人物与NPC","true","false","true","紫薇|天机阁主代行者|《大衍天机算》|神通星轨|拨动命运丝线|承受因果反噬|知晓天下九成秘密|价值连城情报|天机阁世间代言人","after_char","4","100","627","false","","","世界书\人物详情：紫薇.txt"
"48","人物详情：曦和","人物与NPC","true","false","true","曦和|太阳神宫神女|神女","after_char","4","100","587","false","","","世界书\人物详情：曦和.txt"
"49","人物详情：血神·绯月","人物与NPC","true","false","true","绯月|血神宫现任宫主|血神","after_char","4","100","528","false","","","世界书\人物详情：血神·绯月.txt"
"50","人物详情：天妤夫人","人物与NPC","true","false","true","天妤夫人|合欢宗宗主|天妤","after_char","4","100","625","false","","","世界书\人物详情：天妤夫人.txt"
"51","人物详情：叶清","人物与NPC","true","false","true","叶清|《嫁衣魔功》残篇","after_char","4","100","605","false","","","世界书\人物详情：叶清.txt"
"52","人物详情：龙傲飞","人物与NPC","true","false","true","龙傲飞|天命之子|三十年河东三十年河西莫欺少年穷","after_char","4","100","486","false","","","世界书\人物详情：龙傲飞.txt"
"53","人物详情：苏沐雪","人物与NPC","true","false","true","苏沐雪|广寒宫执法长老|掌宗门刑罚","after_char","4","100","558","false","","","世界书\人物详情：苏沐雪.txt"
"54","人物详情：叶冰","人物与NPC","true","false","true","叶冰|蜀山剑门传功长老","after_char","4","100","509","false","","","世界书\人物详情：叶冰.txt"
"55","人物详情：炎帝","人物与NPC","true","false","true","炎帝|太阳神宫之主","after_char","4","100","621","false","","","世界书\人物详情：炎帝.txt"
"56","人物详情：秦心","人物与NPC","true","false","true","秦心|血神宫圣女","after_char","4","100","653","false","","","世界书\人物详情：秦心.txt"
"57","人物详情：红绡","人物与NPC","true","false","true","红绡|合欢宗圣女|情天幻海诀|天魔极乐宝鉴进阶功法|天妤夫人首徒|下一代宗主候选人","after_char","4","100","625","false","","","世界书\人物详情：红绡.txt"
"58","人物详情：苏琉璃","人物与NPC","true","false","true","苏琉璃|九尾天狐族公主|勾魂狐狸眼|动情生气冒狐狸尾巴|九尾天狐王族血脉|精通幻术魅惑|神通狐嫁|本命幻术|真假难辨幻境|东极青木域","after_char","4","100","673","false","","","世界书\人物详情：苏琉璃.txt"
"59","人物详情：秦无夜","叙事与生成协议","true","false","true","秦无夜|魔道散修|夜君|自创阿鼻道三刀|杀戮魔功|三刀斩肉身神魂因果|正魔两道凶名赫赫","after_char","4","100","667","false","","","世界书\人物详情：秦无夜.txt"
"60","人物详情：云舒窈","人物与NPC","true","false","true","云舒窈|昆仑道门外交长老","after_char","4","100","693","false","","","世界书\人物详情：云舒窈.txt"
"61","人物详情：大衍长老","人物与NPC","true","false","true","大衍|大衍长老","after_char","4","100","457","false","","","世界书\人物详情：大衍长老.txt"
"62","人物详情：烈阳长老","人物与NPC","true","false","true","烈阳|太阳神宫刑罚长老|男性体修|《烈阳焚天功》|太阳神宫执法者|《大日不灭身》|烈阳长老","after_char","4","100","592","false","","","世界书\人物详情：烈阳长老.txt"
"63","人物详情：构军","人物与NPC","true","false","true","构军|血神宫太上长老","after_char","4","100","604","false","","","世界书\人物详情：构军.txt"
"64","人物详情：林欣","人物与NPC","true","false","true","林欣长老|合欢宗长老|天山童姥|残杀无数年轻男修|林欣","after_char","4","100","588","false","","","世界书\人物详情：林欣.txt"
"65","人物详情：慧空","人物与NPC","true","false","true","慧空|大雷音寺之主|西漠佛国领袖|天下佛修最高信仰|坐镇大雷音寺|镇压上古大魔|魔高一尺佛高一丈","after_char","4","100","576","false","","","世界书\人物详情：慧空.txt"
"66","人物详情：般若","人物与NPC","true","false","true","般若|大雷音寺佛女|天生佛心|易悟高深佛理","after_char","4","100","665","false","","","世界书\人物详情：般若.txt"
"67","仙界天骄大比","叙事与生成协议","false","true","false","","before_char","4","100","378","false","","","世界书\仙界天骄大比.txt"
"68","人物详情：韩月灵","人物与NPC","true","false","true","韩月灵|隐世家族传人|先天冰魄体|操控极寒之气|冰系功法绝佳体质|《冰魄心经》|玄冰箫","after_char","4","100","637","false","","","世界书\人物详情：韩月灵.txt"
"69","人物详情：林妙音","人物与NPC","true","false","true","林妙音|音修|《九天霓裳曲》|音律入道|琴音化音刃伤人|抚平伤痛安抚神魂|琴声对妖兽有奇效|《安魂引》天音仙子|抚琴疗伤不求回报","after_char","4","100","585","false","","","世界书\人物详情：林妙音.txt"
"70","人物详情：广慧","人物与NPC","true","false","true","广慧|大雷音寺戒律院首座|《不动明王经》|金刚怒火|大雷音寺戒刀|追捕叛僧|镇压南离火洲魔君|镇魔塔","after_char","4","100","545","false","","","世界书\人物详情：广慧.txt"
"71","人物详情：幽梦","人物与NPC","true","false","true","幽梦|万魂殿圣魂女|先天通灵之体|神魂亲和力|怨魂交响曲|安抚支配融合怨魂|怨魂不失理智","after_char","4","100","584","false","","","世界书\人物详情：幽梦.txt"
"72","人物详情：噬魂长老","人物与NPC","true","false","true","噬魂长老|万魂殿长老|《噬魂大法》|聚魂瓶|万魂殿","after_char","4","100","542","false","","","世界书\人物详情：噬魂长老.txt"
"73","遁术","叙事与生成协议","true","true","false","","before_char","4","100","732","false","","","世界书\遁术.txt"
"74","突破丹药","境界与力量体系","true","true","false","","before_char","4","100","1732","false","","","世界书\突破丹药.txt"
"75","识海、神魂、精血","境界与力量体系","true","true","false","","before_char","4","100","279","false","","","世界书\识海、神魂、精血.txt"
"76","玄天界前期保护机制","叙事与生成协议","false","true","false","","after_char","3","100","212","false","","","世界书\玄天界前期保护机制.txt"
"77","势力详情：大周仙朝","境界与力量体系","true","false","true","大周仙朝|强周|神朝|中央集权式修仙帝国|神武大帝·姬昊天|皇道龙气|神都·洛阳|九条极品龙脉|星辰铁|护城大阵|皇权至上|律法统御修仙界|宗门纳税|修士登记|三公九卿|镇魔司|钦天监|霸道正统|大周律法|中央神州|神策军|传国玉玺|黑暗动乱","after_char","4","100","394","false","","","世界书\势力详情：大周仙朝.yaml"
"78","势力详情：南梁古国","势力与组织","true","false","true","南梁古国|梁国|醉生梦死之地|凡人王朝|梁王·萧衍|凡人帝王|建康|烟雨江南|歌舞升平|东南富庶之地|紫灵米|以武入道","after_char","4","100","643","false","","","世界书\势力详情：南梁古国.txt"
"79","心魔劫","人物与NPC","true","false","true","心魔|心魔劫","after_char","4","100","409","false","","","世界书\心魔劫.txt"
"80","人物详细：冰凤","人物与NPC","true","false","true","冰凤|大周帝后|凤仪宫主|九天玄凤金红色凤袍|面若银盘|目似水杏|凤羽花钿|《天凤涅槃经》|凤鸣九天|结发妻子|大周仙朝实际管理者|后宫三千佳丽|皇室宝库|赐死妖族细作","after_char","4","100","583","false","","","世界书\人物详细：冰凤.txt"
"81","人物详细：姬紫月","人物与NPC","true","false","true","姬紫月|永宁公主|神策军监军|紫色帝气|紫绶仙衣|大周皇室明珠|淡紫色流仙裙|流云丝带|古灵精怪|紫衣女侠|溜出神都游历江湖|惩治恶少|向往宗门逍遥","after_char","4","100","583","false","","","世界书\人物详细：姬紫月.txt"
"82","人物详细：苏媚","人物与NPC","true","false","true","苏媚|苏贵妃|合欢宗暗子|《颠鸾倒凤诀》|千幻魅影|调香幻术|南梁王专宠|瑶光殿|吸干武道宗师","after_char","4","100","592","false","","","世界书\人物详细：苏媚.txt"
"83","人物详细：萧婉儿","人物与NPC","true","false","true","萧婉儿|长乐公主","after_char","4","100","590","false","","","世界书\人物详细：萧婉儿.txt"
"84","人物详细：姬昊天","人物与NPC","true","false","true","姬昊天|神武大帝|大周仙朝皇帝|黑金九龙袍|平天冠|十二旒冕|紫金皇气|言出法随|《皇极经世书》|普天之下|传国玉玺|禁武令","after_char","4","100","566","false","","","世界书\人物详细：姬昊天.txt"
"85","人物详细：李牧","人物与NPC","true","false","true","李牧|铁血侯|神策军大统领|镇国大将军|武道体修|黑玄铁战甲|巨型战刀|刀疤脸|《白虎杀神诀》|军阵·不动如山|军魂法相|人屠|踏平中型宗门|宗门草寇论","after_char","4","100","561","false","","","世界书\人物详细：李牧.txt"
"86","人物详细：萧衍 (梁王)","人物与NPC","true","false","true","萧衍|南梁王","after_char","4","100","902","false","","","世界书\人物详细：萧衍 (梁王).txt"
"87","妖兽化形取名","境界与力量体系","true","false","true","化形、妖兽化形、化形妖兽、化形大妖","after_char","4","100","736","false","","","世界书\妖兽化形取名.txt"
"88","人物详情：青练","人物与NPC","true","false","true","青练","after_char","4","100","823","false","","","世界书\人物详情：青练.txt"
"89","地点：东极青木域","势力与组织","true","false","true","东极青木域|青木域|妖族","after_char","4","100","990","false","","","世界书\地点：东极青木域.yaml"
"90","妖族势力：九尾天狐族","势力与组织","true","false","true","九尾天狐|天狐族|青丘国|妖皇","after_char","4","100","374","false","","","世界书\妖族势力：九尾天狐族.yaml"
"91","妖族势力：神猿族","势力与组织","true","false","true","神猿|万妖山脉","after_char","4","100","339","false","","","世界书\妖族势力：神猿族.yaml"
"92","妖族势力：蛟龙一族","势力与组织","true","false","true","蛟龙一族|蛟龙|覆海王族|北冥黑渊","after_char","4","100","354","false","","","世界书\妖族势力：蛟龙一族.yaml"
"93","-内容控制开关-玄天界 (二选一)","叙事与生成协议","true","true","false","","before_char","4","101","373","true","","","世界书\-内容控制开关-玄天界 (二选一).txt"
"94","妖族人物：敖凌霜","人物与NPC","true","false","true","敖凌霜|蛟龙","after_char","4","100","769","false","","","世界书\妖族人物：敖凌霜.txt"
"95","妖族人物：袁琪","人物与NPC","true","false","true","袁琪|战狂|神猿|少主|神猿族少主","after_char","4","100","784","false","","","世界书\妖族人物：袁琪.txt"
"96","妖族势力：孔灵月","人物与NPC","true","false","true","孔灵月|孔雀|五色孔雀王族|五色孔雀","after_char","4","100","782","false","","","世界书\妖族势力：孔灵月.txt"
"97","妖族人物：蛛心儿","人物与NPC","true","false","true","蛛心儿|万蛛谷谷主|万蛛谷|谷主","after_char","4","100","769","false","","","世界书\妖族人物：蛛心儿.txt"
"98","炼气期","叙事与生成协议","true","false","true","炼气期|炼气一层|炼气二层|炼气三层|炼气四层|炼气五层|炼气六层|炼气七层|炼气八层|炼气九层|炼气大圆满|筑基丹","after_char","4","100","317","false","","","世界书\炼气期.txt"
"99","筑基期","叙事与生成协议","true","false","true","筑基|筑基期|筑基初期|筑基中期|筑基后期|筑基期大圆满|筑基大圆满|凝金丹|结金丹","after_char","4","100","361","false","","","世界书\筑基期.txt"
"100","金丹期","叙事与生成协议","true","false","true","金丹|金丹期|金丹初期|金丹中期|金丹后期|金丹期大圆满|金丹大圆满|化婴丹","after_char","4","100","377","false","","","世界书\金丹期.txt"
"101","元婴期","叙事与生成协议","true","false","true","元婴|元婴期|元婴初期|元婴中期|元婴后期|元婴大圆满|元婴期大圆满|相生神游丹","after_char","4","100","412","false","","","世界书\元婴期.txt"
"102","化神期","叙事与生成协议","true","false","true","化神期|化神|化神初期|化神中期|化神后期|化神大圆满|化神期大圆满|虚合破元丹","after_char","4","100","550","false","","","世界书\化神期.txt"
"103","炼虚期","叙事与生成协议","true","false","true","炼虚期|炼虚|炼虚后期|炼虚中期|炼虚初期|炼虚大圆满|炼虚期大圆满|合体丹","after_char","4","100","685","false","","","世界书\炼虚期.txt"
"104","合体期","叙事与生成协议","true","false","true","合体|合体期|合体初期|合体中期|合体后期|合体大圆满|合体期大圆满","after_char","4","100","679","false","","","世界书\合体期.txt"
"105","大乘期","叙事与生成协议","true","false","true","大乘期|大乘|大乘初期|大乘中期|大乘后期|大乘大圆满|大乘期大圆满","after_char","4","100","871","false","","","世界书\大乘期.txt"
"106","苏千媚","人物与NPC","true","false","true","苏千媚|天狐|青丘国主","after_char","4","100","806","false","","","世界书\苏千媚.txt"
"107","渡劫期","境界与力量体系","true","false","true","渡劫期","after_char","4","100","104","false","","","世界书\渡劫期.txt"
"108","雷劫","人物与NPC","true","false","true","雷劫","after_char","4","100","225","false","","","世界书\雷劫.txt"
"109","恋爱","叙事与生成协议","true","true","true","","after_char","2","100","1093","false","","","世界书\恋爱.txt"
"110","回忆","叙事与生成协议","true","true","false","","before_char","2","100","649","false","","","世界书\回忆.txt"
"111","灵压","叙事与生成协议","true","true","false","","before_char","4","100","308","false","","","世界书\灵压.txt"
"112","死亡","叙事与生成协议","true","true","false","","after_char","2","100","451","false","","","世界书\死亡.yaml"
"113","人物详情：江楚楚","人物与NPC","true","false","true","小凤凰|江楚楚|凤凰血脉","after_char","4","100","839","false","","","世界书\人物详情：江楚楚.txt"
"114","地点详情：南离火洲","势力与组织","true","false","true","南离火洲|南洲|南离|火洲","after_char","4","100","1003","false","","","世界书\地点详情：南离火洲.yaml"
"115","地点详情：北冥雪原","势力与组织","true","false","true","北冥雪原|北冥|北原","after_char","4","100","852","false","","","世界书\地点详情：北冥雪原.yaml"
"116","人物详情:苏灿灿","叙事与生成协议","true","false","true","苏灿灿|女儿","after_char","4","100","1019","false","","","世界书\人物详情_苏灿灿.txt"
"117","人物详情:苏辰","叙事与生成协议","true","false","true","苏辰|穿越者","after_char","4","100","1098","false","","","世界书\人物详情_苏辰.txt"
"118","详情人物:慕清弦","人物与NPC","true","false","true","慕清弦|母亲","after_char","4","100","878","false","","","世界书\详情人物_慕清弦.txt"
"119","详情人物:温月清","人物与NPC","true","false","true","温月清","after_char","4","100","1012","false","","","世界书\详情人物_温月清.txt"
"120","详情人物:温小暖","人物与NPC","true","false","true","温小暖","after_char","4","100","998","false","","","世界书\详情人物_温小暖.txt"
"121","困难模式","叙事与生成协议","true","false","true","困难模式","after_char","4","100","1088","false","","","世界书\困难模式.txt"
"122","DC点数判定","叙事与生成协议","true","true","true","","after_char","2","100","1227","false","","","世界书\DC点数判定.txt"
"123","真仙境","叙事与生成协议","true","false","true","真仙境|飞升|真仙","after_char","4","100","628","false","","","世界书\真仙境.txt"
"124","金仙境","境界与力量体系","true","false","true","金仙境|金仙","after_char","4","100","573","false","","","世界书\金仙境.txt"
"125","玄仙境","叙事与生成协议","true","false","true","玄仙境|玄仙","after_char","4","100","593","false","","","世界书\玄仙境.txt"
"126","仙帝境","境界与力量体系","true","false","true","仙帝境|仙帝","after_char","4","100","593","false","","","世界书\仙帝境.txt"
"127","超脱境","境界与力量体系","true","false","true","超脱境","after_char","4","100","498","false","","","世界书\超脱境.txt"
"128","仙界介绍","境界与力量体系","false","true","false","","before_char","4","100","855","false","","","世界书\仙界介绍.txt"
"129","仙界核心区域","势力与组织","false","true","false","","before_char","4","100","278","false","","","世界书\仙界核心区域.txt"
"130","仙界地点详情：钧天仙域","势力与组织","true","false","true","钧天仙域","after_char","4","100","453","false","","","世界书\仙界地点详情：钧天仙域.yaml"
"131","仙界地点详情：青华仙域","势力与组织","true","false","true","青华仙域","after_char","4","100","452","false","","","世界书\仙界地点详情：青华仙域.yaml"
"132","仙界地点详情：炎极仙域","境界与力量体系","true","false","true","炎极仙域","after_char","4","100","419","false","","","世界书\仙界地点详情：炎极仙域.yaml"
"133","仙界地点详情：太白仙域","势力与组织","true","false","true","太白仙域","after_char","4","100","435","false","","","世界书\仙界地点详情：太白仙域.yaml"
"134","仙界地点详情：玄冥仙域","叙事与生成协议","true","false","true","玄冥仙域","after_char","4","100","414","false","","","世界书\仙界地点详情：玄冥仙域.yaml"
"135","仙界人物详情：玖柒","人物与NPC","true","false","true","玖柒","after_char","4","100","490","false","","","世界书\仙界人物详情：玖柒.txt"
"136","仙界势力详情：云上瑶池","势力与组织","true","false","true","九天瑶池|云上媱池|媱池","after_char","4","100","480","false","","","世界书\仙界势力详情：云上瑶池.txt"
"137","仙界特殊区域","势力与组织","false","true","false","","before_char","4","100","205","false","","","世界书\仙界特殊区域.txt"
"138","仙界飞升","叙事与生成协议","false","true","false","","before_char","4","100","1092","false","","","世界书\仙界飞升.txt"
"139","详细人物:韩立","人物与NPC","true","false","true","韩立|青元剑诀|玄阴经|大衍诀","after_char","4","100","865","false","","","世界书\详细人物_韩立.txt"
"140","详细人物:南宫婉","人物与NPC","true","false","true","南宫婉|素女轮回功|朱雀环|素心莲灯|冰魄云裳","after_char","4","100","597","false","","","世界书\详细人物_南宫婉.txt"
"141","详细人物:银月","人物与NPC","true","false","true","银月|雪玲","after_char","4","100","710","false","","","世界书\详细人物_银月.txt"
"142","详细物品:小绿瓶","叙事与生成协议","true","false","true","小绿瓶|掌天瓶","after_char","4","100","609","false","","","世界书\详细物品_小绿瓶.txt"
"143","详细物品:青竹蜂云剑","境界与力量体系","true","false","true","青竹蜂云剑","after_char","4","100","267","false","","","世界书\详细物品_青竹蜂云剑.txt"
"144","详细:噬金虫群设定","地点与世界结构","true","false","true","噬金虫|噬金虫群","after_char","4","100","223","false","","","世界书\详细_噬金虫群设定.txt"
"145","详细物品:风雷翅","地点与世界结构","true","false","true","风雷翅","after_char","4","100","199","false","","","世界书\详细物品_风雷翅.txt"
"146","详细灵宠:啼魂兽","境界与力量体系","true","false","true","啼魂兽","after_char","4","100","222","false","","","世界书\详细灵宠_啼魂兽.txt"
"147","详细物品:虚天鼎","地点与世界结构","true","false","true","虚天鼎","after_char","4","100","228","false","","","世界书\详细物品_虚天鼎.txt"
"148","详细物品:辟邪神雷","地点与世界结构","true","false","true","辟邪神雷","after_char","4","100","207","false","","","世界书\详细物品_辟邪神雷.txt"
"149","详细人物:石昊","人物与NPC","true","false","true","荒天帝|石昊|石村","after_char","4","100","679","false","","","世界书\详细人物_石昊.txt"
"150","详细人物:白小纯","人物与NPC","true","false","true","白小纯","after_char","4","100","483","false","","","世界书\详细人物_白小纯.yaml"
"151","详细人物:候小妹","人物与NPC","true","false","true","候小妹","after_char","4","100","304","false","","","世界书\详细人物_候小妹.txt"
"152","详细人物:古月方源","人物与NPC","true","false","true","方源|古月方源","after_char","4","100","438","false","","","世界书\详细人物_古月方源.txt"
"153","详细人物:宋文","人物与NPC","true","false","true","宋文|极阴","after_char","4","100","609","false","","","世界书\详细人物_宋文.txt"
"154","详细人物:商心慈","人物与NPC","true","false","true","商心慈","after_char","4","100","350","false","","","世界书\详细人物_商心慈.txt"
"155","-内容控制开关-仙界 (二选一)","人物与NPC","false","true","false","","before_char","4","100","247","true","","","世界书\-内容控制开关-仙界 (二选一).txt"
"156","详细:血海地印","地点与世界结构","true","false","true","血海地印","after_char","4","100","407","false","","","世界书\详细_血海地印.txt"
"157","详细:尸王转生决","境界与力量体系","true","false","true","尸王转生决","after_char","4","100","220","false","","","世界书\详细_尸王转生决.txt"
"158","详细:九大天雷秘术","境界与力量体系","true","false","true","九大天雷秘术","after_char","4","100","171","false","","","世界书\详细_九大天雷秘术.txt"
"159","详细:万毒混元身","地点与世界结构","true","false","true","万毒混元身","after_char","4","100","186","false","","","世界书\详细_万毒混元身.txt"
"160","详细:疑神刺","地点与世界结构","true","false","true","疑神刺","after_char","4","100","162","false","","","世界书\详细_疑神刺.txt"
"161","详细:血遁术","地点与世界结构","true","false","true","血遁术","after_char","4","100","127","false","","","世界书\详细_血遁术.txt"
"162","详细:替死傀儡术","地点与世界结构","true","false","true","替死傀儡|替死傀儡术","after_char","4","100","149","false","","","世界书\详细_替死傀儡术.txt"
"163","详细:噬元噬魂诀","境界与力量体系","true","false","true","噬元噬魂诀","after_char","4","100","161","false","","","世界书\详细_噬元噬魂诀.txt"
"164","详细:血祭术","境界与力量体系","true","false","true","血祭术","after_char","4","100","140","false","","","世界书\详细_血祭术.txt"
"165","详细:幽冥爪","地点与世界结构","true","false","true","幽冥爪","after_char","4","100","141","false","","","世界书\详细_幽冥爪.txt"
"166","详细人物:嫣雨烟","叙事与生成协议","true","false","true","嫣雨烟|万法宗|万法宗圣女","after_char","4","100","983","false","","","世界书\详细人物_嫣雨烟.txt"
"167","详细人物:唐弎","叙事与生成协议","true","false","true","唐弎|唐三","after_char","4","100","1219","false","","","世界书\详细人物_唐弎.txt"
"168","详细人物:银黎","人物与NPC","true","false","true","银黎|烛龙族|烛龙","after_char","4","100","690","false","","","世界书\详细人物_银黎.txt"
"169","详细人物:红蝶","人物与NPC","true","false","true","红蝶","after_char","4","100","612","false","","","世界书\详细人物_红蝶.txt"
"170","详细人物:王林","叙事与生成协议","true","false","true","王林","after_char","4","100","1146","false","","","世界书\详细人物_王林.txt"
"171","详细人物:楚星绾","人物与NPC","true","false","true","缚仙血手|先天紫阴之气|天庭公主|楚星绾","after_char","4","100","366","false","","","世界书\详细人物_楚星绾.txt"
"172","防全知","叙事与生成协议","true","true","false","","after_char","4","100","205","false","","","世界书\防全知.txt"
"173","详细人物：灵玥","人物与NPC","true","false","true","灵玥|灵汐|澪之果","after_char","4","100","715","false","","","世界书\详细人物：灵玥.txt"
"174","详细人物:上官玥","人物与NPC","true","false","true","斩孽飞星剑|无垢剑体|天庭执剑神将|上官玥","after_char","4","100","307","false","","","世界书\详细人物_上官玥.txt"
"175","秘境详情：蓬莱仙岛","叙事与生成协议","true","false","true","蓬莱仙岛|甲子仙源|归墟之眼|澪之果|冥煞玄蛇|渊涯谷|仙界碎片","after_char","4","100","686","false","","","世界书\秘境详情：蓬莱仙岛.txt"
"176","道心值设定","叙事与生成协议","true","true","false","","after_char","3","100","847","false","","","世界书\道心值设定.txt"
"177","地点详情：幽林血沼","叙事与生成协议","true","false","true","幽林血沼|蒲灵果|玉髓芝|筑基秘境|险地","after_char","4","100","631","false","","","世界书\地点详情：幽林血沼.txt"
"178","地点详情：庚金剑冢","叙事与生成协议","true","false","true","庚金剑冢|金灵玉髓|上古遗址|凝金丹秘境","after_char","4","100","671","false","","","世界书\地点详情：庚金剑冢.txt"
"179","地点详情：琉璃净月宫","叙事与生成协议","true","false","true","琉璃净月宫|九曲灵参|造化青莲莲子|化婴丹秘境","after_char","4","100","634","false","","","世界书\地点详情：琉璃净月宫.txt"
"180","地点详情：五行碎层","叙事与生成协议","true","false","true","五行碎层|五行灵髓|虚空花|神游丹秘境|次空间","after_char","4","100","657","false","","","世界书\地点详情：五行碎层.txt"
"181","地点详情：无垠沙海镜像","叙事与生成协议","true","false","true","无垠沙海镜像|空灵晶液|镜像世界|破元丹秘境","after_char","4","100","634","false","","","世界书\地点详情：无垠沙海镜像.txt"
"182","地点详情：陨圣乱墟","叙事与生成协议","true","false","true","陨圣乱墟|三元归一果|远古战场|合体丹秘境","after_char","4","100","615","false","","","世界书\地点详情：陨圣乱墟.txt"
"183","地点详情：黄泉冥河引","叙事与生成协议","true","false","true","黄泉冥河引|九转还魂草|冥界边缘|虚灵丹秘境","after_char","4","100","611","false","","","世界书\地点详情：黄泉冥河引.txt"
"184","地点详情：天渊起源地","叙事与生成协议","true","false","true","天渊起源地|玄黄之气|世界本源|渡劫秘境|飞升","after_char","4","100","583","false","","","世界书\地点详情：天渊起源地.txt"
"185","种族实力对应","叙事与生成协议","true","true","false","","before_char","4","100","398","false","","","世界书\种族实力对应.txt"
"186","妖族","境界与力量体系","true","true","false","","before_char","4","100","273","false","","","世界书\妖族.yaml"
"187","详细人物:秦浅月","人物与NPC","true","false","true","秦浅月|魂主","after_char","4","100","858","false","","","世界书\详细人物_秦浅月.txt"
"188","势力详情：昆仑道门","境界与力量体系","true","false","true","昆仑道门|昆仑神山","after_char","4","100","343","false","","","世界书\势力详情：昆仑道门.yaml"
"189","详细势力:万法宗","境界与力量体系","true","false","true","万法宗|万法天仪","after_char","4","100","357","false","","","世界书\详细势力_万法宗.yaml"
"190","详细人物:许千寻","人物与NPC","true","false","true","许千寻|万法宗宗主","after_char","4","100","699","false","","","世界书\详细人物_许千寻.txt"
"191","详细人物:玄清","人物与NPC","true","false","true","玄清|万法宗传法大长老","after_char","4","100","782","false","","","世界书\详细人物_玄清.txt"
"192","详细人物:柳依依","人物与NPC","true","false","true","明心守殿灯|灯影守御体|天庭掌灯小仙官|柳依依","after_char","4","100","368","false","","","世界书\详细人物_柳依依.txt"
"193","详细人物:顾长枫","人物与NPC","true","false","true","顾长枫|玉灵宫宫主|万法灵体","after_char","4","100","382","false","","","世界书\详细人物_顾长枫.txt"
"194","详细人物:萧玉寒","人物与NPC","true","false","true","萧玉寒|玉灵宫传功长老|琉璃冰骨|万古玄冰刺","after_char","4","100","364","false","","","世界书\详细人物_萧玉寒.txt"
"195","详细人物:苏清禾","人物与NPC","true","false","true","苏清禾|清心灵体|玉灵宫大师姐","after_char","4","100","219","false","","","世界书\详细人物_苏清禾.txt"
"196","详细人物:云糯糯","人物与NPC","true","false","true","云糯糯|灵植亲和体|玉灵宫小师妹","after_char","4","100","367","false","","","世界书\详细人物_云糯糯.txt"
"197","详细人物:苏绾影","人物与NPC","true","false","true","苏绾影|极乐宗主|九魅天香体|极乐销魂锁","after_char","4","100","362","false","","","世界书\详细人物_苏绾影.txt"
"198","详细人物:凌阮阮","人物与NPC","true","false","true","千丝绕指柔|凌阮阮|极乐圣女","after_char","4","100","361","false","","","世界书\详细人物_凌阮阮.txt"
"199","详细人物:叶倾心","人物与NPC","true","false","true","劫灭煞体|厄难小皮鞭|极乐宗刑罚长老|叶倾心","after_char","4","100","345","false","","","世界书\详细人物_叶倾心.txt"
"200","详细人物:汐怡","人物与NPC","true","false","true","极乐宗大师姐|柔骨魅体|相思红绸|汐怡","after_char","4","100","335","false","","","世界书\详细人物_汐怡.txt"
"201","详细人物:桃夭夭","人物与NPC","true","false","true","桃夭夭|极乐宗小师妹|桃花幻心体|绯桃幻绫","after_char","4","100","324","false","","","世界书\详细人物_桃夭夭.txt"
"202","详细人物:顾幽梵","人物与NPC","true","false","true","顾幽梵|阴煞宗主|纯阴煞体|大慈大悲亿魂幡","after_char","4","100","349","false","","","世界书\详细人物_顾幽梵.txt"
"203","详细人物:苏珞刹","人物与NPC","true","false","true","苏珞刹|阴煞圣女|天生幽冥重瞳|藏尸百厄棺","after_char","4","100","385","false","","","世界书\详细人物_苏珞刹.txt"
"204","详细人物:霖仙怡","人物与NPC","true","false","true","霖仙怡|镇宗长老|修罗战尸之身|裂天血月轮","after_char","4","100","371","false","","","世界书\详细人物_霖仙怡.txt"
"205","详细人物:冥霜儿","人物与NPC","true","false","true","冥霜儿|阴煞宗外门大师姐|阴煞控魂体|幽影骨鞭","after_char","4","100","330","false","","","世界书\详细人物_冥霜儿.txt"
"206","详细人物:楚玉璃","人物与NPC","true","false","true","楚玉璃|阴煞宗小师妹|阴灵匿形体|碎影布偶","after_char","4","100","357","false","","","世界书\详细人物_楚玉璃.txt"
"207","详细人物:白玖璃","人物与NPC","true","false","true","九幽冥火|妖族圣主|白玖璃","after_char","4","100","397","false","","","世界书\详细人物_白玖璃.txt"
"208","详细人物:青木璇","人物与NPC","true","false","true","青木璇|圣地大祭司|万木本源之气","after_char","4","100","349","false","","","世界书\详细人物_青木璇.txt"
"209","详细人物:璃杏","人物与NPC","true","false","true","传信龙鳞玉|龙炎幻形体|真龙族小师姐|璃杏","after_char","4","100","334","false","","","世界书\详细人物_璃杏.txt"
"210","详细人物:杜月菲","人物与NPC","true","false","true","杜月菲|灵植小妖师妹|草木生机体|青芽灵穗","after_char","4","100","330","false","","","世界书\详细人物_杜月菲.txt"
"211","详细人物:慕容无尘","人物与NPC","true","false","true","仙族族长|慕容无尘|无尘","after_char","4","100","286","false","","","世界书\详细人物_慕容无尘.txt"
"212","详细人物:慕容初袖","人物与NPC","true","false","true","慕容初袖|七窍玲珑心|初袖","after_char","4","100","334","false","","","世界书\详细人物_慕容初袖.txt"
"213","详细人物:慕容落羽","人物与NPC","true","false","true","风行隐灵仙体|慕容落羽|落羽","after_char","4","100","344","false","","","世界书\详细人物_慕容落羽.txt"
"214","详细人物:萌梦","人物与NPC","true","false","true","萌梦|纯净仙元体|流萤光珠","after_char","4","100","322","false","","","世界书\详细人物_萌梦.txt"
"215","详细人物:钰仙儿","人物与NPC","true","false","true","龙脉女祖|太虚真龙躯|钰仙儿","after_char","4","100","359","false","","","世界书\详细人物_钰仙儿.txt"
"216","详细人物:青渝","人物与NPC","true","false","true","焚天翎羽|涅槃神火体|凤血帝女|青渝","after_char","4","100","322","false","","","世界书\详细人物_青渝.txt"
"217","详细人物:齐天麟","人物与NPC","true","false","true","五德无双瑞体|麒麟圣子|齐天麟","after_char","4","100","302","false","","","世界书\详细人物_齐天麟.txt"
"218","详细人物:风梧音","人物与NPC","true","false","true","祖禽遗脉|风梧音|裂风本原道基","after_char","4","100","319","false","","","世界书\详细人物_风梧音.txt"
"219","详细人物:秦汐雅","人物与NPC","true","false","true","沧澜侍龙玉|水脉侍龙体|秦汐雅","after_char","4","100","336","false","","","世界书\详细人物_秦汐雅.txt"
"220","详细人物:凌天辰","人物与NPC","true","false","true","不灭太古王体|凌天辰|王族大帝","after_char","4","100","239","false","","","世界书\详细人物_凌天辰.txt"
"221","详细人物:凌紫嫣","人物与NPC","true","false","true","凌紫嫣|帝道衡仪|太古王族祖血|王族帝女","after_char","4","100","347","false","","","世界书\详细人物_凌紫嫣.txt"
"222","详细人物:叶婷","人物与NPC","true","false","true","叶婷|绝对暗杀","after_char","4","100","315","false","","","世界书\详细人物_叶婷.txt"
"223","修炼突破判定","人物与NPC","true","false","true","突破|闭关|冲击境界","after_char","4","100","162","false","","","世界书\修炼突破判定.txt"
"224","详细人物:舞弦琴","人物与NPC","true","false","true","舞弦琴","after_char","4","100","722","false","","","世界书\详细人物_舞弦琴.txt"
"225","法则劫","人物与NPC","true","false","true","法则劫","after_char","4","100","227","false","","","世界书\法则劫.txt"
"226","仙界宗门生成","叙事与生成协议","false","true","false","","before_char","4","100","825","false","","","世界书\仙界宗门生成.txt"
"227","[mvu_update]","MVU与变量协议","true","true","false","","after_char","0","200","7564","false","","","世界书\[mvu_update].txt"
"228","变量列表","MVU与变量协议","true","true","false","","after_char","0","200","97","false","","",""
"229","[mvu_update]变量输出格式","MVU与变量协议","true","true","false","","after_char","0","200","3768","false","","","世界书\[mvu_update]变量输出格式.yaml"
"230","[mvu_update]变量输出格式强调","MVU与变量协议","false","true","false","","after_char","0","200","159","false","","","世界书\[mvu_update]变量输出格式强调.yaml"
"231","[initvar] 初始","MVU与变量协议","false","true","false","","before_char","4","100","430","false","","","世界书\[initvar] 初始.yaml"
"232","详细人物：星宿","人物与NPC","true","false","true","星宿|星神慧瞳|三相星界|周天星斗大阵|智慧仙珠|宿命天盘|监天星塔","after_char","4","100","629","false","","","世界书\详细人物：星宿.txt"
"233","详细人物：红莲","人物与NPC","true","false","true","红莲|秘影长暗火|木灵生息火|红莲本心火","after_char","4","100","818","false","","","世界书\详细人物：红莲.txt"
"234","半步超脱","叙事与生成协议","true","false","true","半步超脱|半步超脱境","after_char","4","100","903","false","","","世界书\半步超脱.txt"
"235","详细人物：南可熙","人物与NPC","true","false","true","云上瑶池理事|南可熙","after_char","4","100","1097","false","","","世界书\详细人物：南可熙.txt"
"236","详细人物：凤灵儿","人物与NPC","true","false","true","星道宗圣女|凤灵儿","after_char","4","100","898","false","","","世界书\详细人物：凤灵儿.txt"
"237","详细人物：公孙清","人物与NPC","true","false","true","公孙清","after_char","4","100","849","false","","","世界书\详细人物：公孙清.txt"
"238","势力详细：星道宗","境界与力量体系","true","false","true","星道宗|摘星悬岛","after_char","4","100","410","false","","","世界书\势力详细：星道宗.yaml"
"239","丹器体系","叙事与生成协议","true","false","true","炼丹师|炼丹|炼器|炼制|炼器师","after_char","4","100","945","false","","","世界书\丹器体系.yaml"
"240","势力详细:大雷音寺","境界与力量体系","true","false","true","大雷音寺","after_char","4","100","334","false","","","世界书\势力详细_大雷音寺.yaml"
"241","人物详情：魏喑","人物与NPC","true","false","true","魏喑|人道盟","after_char","4","100","649","false","","","世界书\人物详情：魏喑.txt"
"242","势力详情:五色孔雀族","势力与组织","true","false","true","五色孔雀|五色谷","after_char","4","100","332","false","","","世界书\势力详情_五色孔雀族.yaml"
"243","地点详情:西漠佛国","势力与组织","true","false","true","西漠佛国|西漠|佛国","after_char","4","100","620","false","","","世界书\地点详情_西漠佛国.yaml"
"244","势力详情:柳蛇族","境界与力量体系","true","false","true","柳蛇族","after_char","4","100","797","false","","","世界书\势力详情_柳蛇族.yaml"
"245","势力详情:湮丹宗","境界与力量体系","true","false","true","湮丹宗","after_char","4","100","361","false","","","世界书\势力详情_湮丹宗.yaml"
"246","势力详情:灵墟宗","境界与力量体系","true","false","true","灵墟宗","after_char","4","100","335","false","","","世界书\势力详情_灵墟宗.yaml"
"247","势力详情:青玉宗","境界与力量体系","true","false","true","青玉宗","after_char","4","100","313","false","","","世界书\势力详情_青玉宗.yaml"
"248","势力详情:符韵门","境界与力量体系","true","false","true","符韵门","after_char","4","100","328","false","","","世界书\势力详情_符韵门.yaml"
"249","势力详情:阵天宗","境界与力量体系","true","false","true","阵天宗","after_char","4","100","330","false","","","世界书\势力详情_阵天宗.yaml"
"250","势力详情：斩仙盟","境界与力量体系","true","false","true","斩仙盟","after_char","4","100","317","false","","","世界书\势力详情：斩仙盟.yaml"
"251","人物详情：乔梦玉","人物与NPC","true","false","true","阵天宗宗主|乔梦玉","after_char","4","100","638","false","","","世界书\人物详情：乔梦玉.txt"
"252","人物详情：元容","叙事与生成协议","true","false","true","元容|符韵门门主","after_char","4","100","607","false","","","世界书\人物详情：元容.txt"
"253","人物详情：玄璃","人物与NPC","true","false","true","青玉宗宗主|玄璃","after_char","4","100","660","false","","","世界书\人物详情：玄璃.txt"
"254","人物详情：阳宇","人物与NPC","true","false","true","阳宇|灵墟宗宗主","after_char","4","100","672","false","","","世界书\人物详情：阳宇.txt"
"255","人物详情：林寒绾","人物与NPC","true","false","true","湮丹宗宗主|林寒绾","after_char","4","100","741","false","","","世界书\人物详情：林寒绾.txt"
"256","人物详情：朱离","人物与NPC","true","false","true","湮丹宗圣女|朱离","after_char","4","100","829","false","","","世界书\人物详情：朱离.txt"
"257","人物详情：侯景","人物与NPC","true","false","true","侯景|太尉","after_char","4","100","414","false","","","世界书\人物详情：侯景.txt"
"258","长孙镜华","人物与NPC","true","false","true","长孙镜华","after_char","4","100","479","false","","","世界书\长孙镜华.txt"
"259","人物详情：柳青螭","叙事与生成协议","true","false","true","柳青螭","after_char","4","100","709","false","","","世界书\人物详情：柳青螭.txt"
"260","人物详情：希夷","人物与NPC","true","false","true","天机阁阁主|希夷","after_char","4","100","845","false","","","世界书\人物详情：希夷.txt"
"261","人物详情：辟易川","人物与NPC","true","false","true","辟易川","after_char","4","100","788","false","","","世界书\人物详情：辟易川.txt"
"262","人物详情：欧阳灵","人物与NPC","true","false","true","欧阳灵","after_char","4","100","437","false","","","世界书\人物详情：欧阳灵.txt"
"263","人物详情：黑姬结灯","人物与NPC","true","false","true","符韵门圣女|黑姬结灯","after_char","4","100","781","false","","","世界书\人物详情：黑姬结灯.yaml"
"264","人物详情：李未晞","人物与NPC","true","false","true","李未晞|云上瑶池外务执事","after_char","4","100","816","false","","","世界书\人物详情：李未晞.txt"
"265","人物详情：阴丽华","人物与NPC","true","false","true","圣德太后|大周仙朝太后|阴丽华","after_char","4","100","956","false","","","世界书\人物详情：阴丽华.txt"
"266","人物详情：九歌","人物与NPC","true","false","true","九歌","after_char","4","100","877","false","","","世界书\人物详情：九歌.txt"
"267","人物详情：晏青","人物与NPC","true","false","true","晏青","after_char","4","100","323","false","","","世界书\人物详情：晏青.txt"
"268","人物详情：小D","人物与NPC","true","false","true","小D","after_char","4","100","622","false","","","世界书\人物详情：小D.yaml"
"269","人物详情：白祈昼","叙事与生成协议","true","false","true","阵天宗长老|白祈昼","after_char","4","100","864","false","","","世界书\人物详情：白祈昼.txt"
"270","玄天界宗门体系","叙事与生成协议","false","true","false","","before_char","4","100","2271","false","","","世界书\玄天界宗门体系.txt"
"271","人物详情：璃宫花火","人物与NPC","true","false","true","璃宫花火","after_char","4","100","860","false","","","世界书\人物详情：璃宫花火.yaml"
"272","人物详情：紫澪","叙事与生成协议","true","false","true","冥煞玄蛇|紫澪|冥煞噬魂玄经","after_char","4","100","772","false","","","世界书\人物详情：紫澪.txt"
"273","势力详情:万宝楼","境界与力量体系","true","false","true","万宝楼|商会","after_char","4","100","555","false","","","世界书\势力详情_万宝楼.yaml"
"274","势力详情:黑金阁","势力与组织","true","false","true","黑金阁|黑市","after_char","4","100","528","false","","","世界书\势力详情_黑金阁.yaml"
"275","NPC人物修行","人物与NPC","true","true","false","","before_char","4","100","326","false","","","世界书\NPC人物修行.yaml"
"276","人物详情:金玉满","叙事与生成协议","true","false","true","黑金之主|黑金阁阁主|金玉满","after_char","4","100","894","false","","","世界书\人物详情_金玉满.txt"
"277","人物详情:小翠","人物与NPC","true","false","true","小翠","after_char","4","100","574","false","","","世界书\人物详情_小翠.yaml"
"278","人物详情:万金柝","人物与NPC","true","false","true","万宝楼总楼主|万金柝","after_char","4","100","578","false","","","世界书\人物详情_万金柝.yaml"
"279","人物详情:万璇玑","人物与NPC","true","false","true","万宝楼大小姐|万璇玑","after_char","4","100","664","false","","","世界书\人物详情_万璇玑.yaml"
"280","人物详情:叶焚渊","人物与NPC","true","false","true","叶焚渊","after_char","4","100","805","false","","","世界书\人物详情_叶焚渊.yaml"
"281","人物详情:显宝","叙事与生成协议","true","false","true","小显示|显宝","after_char","4","100","1118","false","","","世界书\人物详情_显宝.txt"
"282","人物详情:海伊","人物与NPC","true","false","true","海伊","after_char","4","100","407","false","","","世界书\人物详情_海伊.yaml"
"283","人物详情:柳舞蝶","人物与NPC","true","false","true","柳舞蝶","after_char","4","100","528","false","","","世界书\人物详情_柳舞蝶.txt"
"284","人物详情：白疏影","人物与NPC","true","false","true","白疏影","after_char","4","100","900","false","","","世界书\人物详情：白疏影.txt"
"285","玄天界动态人物相遇","叙事与生成协议","true","true","true","坊市|客栈|拍卖会|街道|秘境|出门|闲逛|探索|城池|荒野|荒原|城镇|城池|游历|穿行|落脚|游历|寻觅|猎杀|历练|误入|遗迹|远遁|战场","after_char","2","10","906","false","","","世界书\玄天界动态人物相遇.txt"
"286","仙界动态人物相遇","叙事与生成协议","false","true","true","坊市|客栈|街道|秘境|闲逛|仙界|天庭|瑶池|仙宫|仙域|仙市|飞升","after_char","2","10","1039","false","","","世界书\仙界动态人物相遇.txt"
"287","人物详情：李溯","人物与NPC","true","false","true","李溯","after_char","4","100","725","false","","","世界书\人物详情：李溯.yaml"
"288","人物详情：百铃","人物与NPC","true","false","true","百铃|黑金阁刺客","after_char","4","100","688","false","","","世界书\人物详情：百铃.yaml"
"289","人物详情：樊月汐","人物与NPC","true","false","true","樊月汐","after_char","4","100","659","false","","","世界书\人物详情：樊月汐.yaml"
"290","人物详情：卡斯蒂利亚_哈布斯堡","人物与NPC","true","false","true","卡斯蒂利亚_哈布斯堡","after_char","4","100","770","false","","","世界书\人物详情：卡斯蒂利亚_哈布斯堡.yaml"
"291","人物详情：君姝","人物与NPC","true","false","true","君姝","after_char","4","100","633","false","","","世界书\人物详情：君姝.txt"
"292","人物详情：代安池","人物与NPC","true","false","true","代安池","after_char","4","100","532","false","","","世界书\人物详情：代安池.yaml"
"293","人物详情：桃幽","人物与NPC","true","false","true","桃幽|桃花宗宗主","after_char","4","100","484","false","","","世界书\人物详情：桃幽.yaml"
"294","人物详情：颜小落","人物与NPC","true","false","true","颜小落|桃花宗红线长老","after_char","4","100","406","false","","","世界书\人物详情：颜小落.yaml"
"295","人物详情：桃夭诺","人物与NPC","true","false","true","桃花宗圣女|桃夭诺","after_char","4","100","387","false","","","世界书\人物详情：桃夭诺.yaml"
"296","人物详情：苏慕渊","人物与NPC","true","false","true","苏慕渊","before_char","4","100","350","false","","","世界书\人物详情：苏慕渊.yaml"
"297","人物详情：姬觅弥","人物与NPC","true","false","true","姬觅弥","after_char","4","100","663","false","","","世界书\人物详情：姬觅弥.txt"
"298","人物详情：燕重微","人物与NPC","true","false","true","燕重微","after_char","4","100","787","false","","","世界书\人物详情：燕重微.yaml"
"299","人物详情：林素铃","叙事与生成协议","true","false","true","林素铃|银铃仙子","after_char","4","100","741","false","","","世界书\人物详情：林素铃.yaml"
"300","人物详情：李铭","叙事与生成协议","true","false","true","李铭","after_char","4","100","866","false","","","世界书\人物详情：李铭.yaml"
"301","人物详情：苏清漪","叙事与生成协议","true","false","true","苏清漪","after_char","4","100","808","false","","","世界书\人物详情：苏清漪.yaml"
"302","势力详情：桃花宗","境界与力量体系","true","false","true","桃花宗","after_char","4","100","560","false","","","世界书\势力详情：桃花宗.txt"
"303","人物详情：姜梦","人物与NPC","true","false","true","姜梦|无我峰峰主","after_char","4","100","597","false","","","世界书\人物详情：姜梦.txt"
"304","人物详情：云初未来","人物与NPC","true","false","true","云初未来","after_char","4","100","473","false","","","世界书\人物详情：云初未来.txt"
"305","人物详情：白倾颜","人物与NPC","true","false","true","白倾颜|戮血门门主|戮血门","after_char","4","100","940","false","","","世界书\人物详情：白倾颜.txt"
"306","人物详情：顾清清","人物与NPC","true","false","true","顾清清","after_char","4","100","729","false","","","世界书\人物详情：顾清清.yaml"
"307","详细：万祀尸皇经","机制、物品与能力","true","false","true","万祀尸皇经","after_char","4","100","115","false","","","世界书\详细：万祀尸皇经.txt"
"308","详细：幽悦神通","境界与力量体系","true","false","true","幽陵锁痕|匠傀观心|玄棺代命|枯朝万傀阵","after_char","4","100","299","false","","","世界书\详细：幽悦神通.txt"
"309","详细：本命天尸·烬璃","境界与力量体系","true","false","true","烬璃|本命天尸·烬璃","after_char","4","100","481","false","","","世界书\详细：本命天尸·烬璃.txt"
"310","人物详情：绯萝","人物与NPC","true","false","true","绯萝","after_char","4","100","718","false","","","世界书\人物详情：绯萝.txt"
"311","人物详情：月珑","人物与NPC","true","false","true","月珑","after_char","4","100","830","false","","","世界书\人物详情：月珑.txt"
"312","人物详情：辛绫","叙事与生成协议","true","false","true","辛绫","after_char","4","100","1044","false","","","世界书\人物详情：辛绫.txt"
"313","人物详情：幽姬","人物与NPC","true","false","true","幽姬","after_char","4","100","999","false","","","世界书\人物详情：幽姬.txt"
"314","人物详情：玄曦","叙事与生成协议","true","false","true","玄曦","after_char","4","100","1014","false","","","世界书\人物详情：玄曦.txt"
"315","人物详情：霜甄","人物与NPC","true","false","true","霜甄","after_char","4","100","817","false","","","世界书\人物详情：霜甄.txt"
"316","人物详情：蜃娆","叙事与生成协议","true","false","true","蜃娆","after_char","4","100","769","false","","","世界书\人物详情：蜃娆.txt"
"317","人物详情：袁战天","人物与NPC","true","false","true","袁战天","after_char","4","100","705","false","","","世界书\人物详情：袁战天.txt"
"318","人物详情：虚渊","人物与NPC","true","false","true","虚渊","after_char","4","100","854","false","","","世界书\人物详情：虚渊.txt"
